stamp,open,high,low,close,volume
2026-05-14 06:55,30280.0,30280.0,30280.0,30280.0,1.0
2026-07-13 17:48,30150.0,30150.0,30150.0,30150.0,1.0
2026-07-17 14:32,29450.0,29450.0,29450.0,29450.0,1.0
2026-07-20 14:19,29571.75,29571.75,29571.75,29571.75,1.0
2026-07-20 14:21,29554.5,29554.5,29554.5,29554.5,1.0
2026-07-21 12:11,29820.0,29820.0,29820.0,29820.0,1.0
2026-07-21 12:12,29820.0,29820.0,29820.0,29820.0,1.0
2026-07-21 14:27,29824.75,29824.75,29824.75,29824.75,1.0
2026-07-22 13:28,29721.0,29721.0,29721.0,29721.0,1.0
2026-07-27 18:28,28736.0,28736.0,28736.0,28736.0,1.0
2026-07-29 15:09,28264.0,28264.0,28264.0,28264.0,1.0
2026-07-29 15:10,28240.0,28240.0,28240.0,28240.0,1.0
2026-07-30 09:33,28166.75,28166.75,28166.75,28166.75,1.0
2026-07-30 09:34,28171.25,28171.25,28171.25,28171.25,1.0
2026-07-30 09:36,28171.0,28171.0,28171.0,28171.0,1.0
2026-08-04 20:00,30518.0,30518.0,30518.0,30518.0,1.0
2026-08-05 16:02,30340.0,30340.0,30340.0,30340.0,1.0
2026-08-06 02:22,30200.0,30200.0,30200.0,30200.0,1.0
2026-08-11 13:40,30364.5,30364.5,30364.5,30364.5,2.0
2026-08-11 18:49,30232.75,30232.75,30232.75,30232.75,2.0
2026-08-12 05:54,30347.25,30347.25,30347.25,30347.25,1.0
2026-08-12 08:55,30446.0,30446.0,30446.0,30446.0,1.0
2026-08-12 13:31,30565.25,30565.25,30565.25,30565.25,1.0
2026-08-12 14:16,30547.5,30547.5,30547.5,30547.5,2.0
2026-08-13 00:14,30472.25,30472.25,30472.25,30472.25,1.0
2026-08-13 01:19,30476.0,30476.0,30476.0,30476.0,1.0
2026-08-13 06:04,30519.5,30519.5,30519.5,30519.5,1.0
2026-08-13 06:19,30532.0,30532.0,30532.0,30532.0,1.0
2026-08-13 13:58,30800.0,30800.0,30800.0,30800.0,1.0
2026-08-13 19:39,30852.75,30852.75,30852.75,30852.75,1.0
2026-08-14 13:34,30837.5,30837.5,30837.5,30837.5,1.0
2026-08-14 19:50,30765.5,30765.5,30765.5,30765.5,1.0
2026-08-14 19:52,30771.25,30771.25,30771.25,30771.25,1.0
2026-08-17 13:39,30788.5,30788.5,30788.5,30788.5,2.0
2026-08-17 14:51,30882.5,30882.5,30882.5,30882.5,2.0
2026-08-17 15:34,30866.5,30866.5,30866.5,30866.5,1.0
2026-08-18 06:05,30445.0,30445.0,30445.0,30445.0,1.0
2026-08-18 15:29,30245.75,30245.75,30245.75,30245.75,3.0
2026-08-18 16:19,30235.25,30235.25,30235.25,30235.25,1.0
2026-08-19 11:52,30135.0,30135.0,30135.0,30135.0,1.0
2026-08-19 13:43,30226.25,30252.5,30226.25,30252.5,2.0
2026-08-19 13:51,30081.75,30081.75,30081.75,30081.75,1.0
2026-08-19 13:55,30135.0,30135.0,30135.0,30135.0,1.0
2026-08-19 14:38,30175.75,30175.75,30175.75,30175.75,1.0
2026-08-19 14:40,30183.75,30183.75,30183.75,30183.75,1.0
2026-08-19 14:43,30186.75,30186.75,30186.75,30186.75,1.0
2026-08-19 14:50,30158.0,30158.0,30158.0,30158.0,1.0
2026-08-19 19:59,30140.0,30140.0,30140.0,30140.0,5.0
2026-08-20 12:04,29915.0,29915.0,29915.0,29915.0,1.0
2026-08-20 15:10,29972.25,29972.25,29972.25,29972.25,5.0
2026-08-20 16:54,29976.25,29976.25,29976.25,29976.25,1.0
2026-08-20 18:06,29855.5,29855.5,29855.5,29855.5,2.0
2026-08-20 19:14,29900.0,29900.0,29900.0,29900.0,1.0
2026-08-20 19:38,29935.0,29935.0,29935.0,29935.0,1.0
2026-08-20 19:41,29932.25,29932.25,29932.25,29932.25,1.0
2026-08-21 00:01,29935.0,29935.0,29935.0,29935.0,1.0
2026-08-24 06:02,29787.0,29787.0,29787.0,29787.0,1.0
2026-08-24 06:14,29769.5,29769.5,29769.5,29769.5,1.0
2026-08-24 13:38,29700.0,29700.0,29700.0,29700.0,1.0
2026-08-24 15:05,29665.0,29665.0,29665.0,29665.0,1.0
2026-08-24 16:10,29775.0,29775.0,29775.0,29775.0,1.0
2026-08-24 16:31,29786.25,29786.25,29786.25,29786.25,1.0
2026-08-24 17:02,29780.0,29780.0,29780.0,29780.0,1.0
2026-08-27 08:17,30223.0,30223.0,30223.0,30223.0,1.0
2026-08-27 17:51,30222.5,30222.5,30222.5,30222.5,1.0
2026-08-28 14:46,30369.75,30369.75,30369.75,30369.75,1.0
2026-08-28 16:06,30207.5,30207.5,30207.5,30207.5,1.0
2026-08-31 10:16,30109.0,30109.0,30109.0,30109.0,18.0
2026-08-31 10:29,30120.0,30120.0,30120.0,30120.0,20.0
2026-08-31 11:07,30119.75,30120.0,30119.75,30120.0,19.0
2026-08-31 11:08,30120.0,30120.0,30120.0,30120.0,21.0
2026-08-31 12:28,30067.75,30067.75,30067.75,30067.75,1.0
2026-08-31 12:30,30066.75,30066.75,30066.75,30066.75,1.0
2026-08-31 13:45,30057.0,30057.0,30057.0,30057.0,1.0
2026-08-31 13:51,30102.0,30102.0,30102.0,30102.0,1.0
2026-08-31 17:27,30048.0,30049.75,30048.0,30049.75,3.0
2026-08-31 18:49,30052.75,30052.75,30052.75,30052.75,1.0
2026-09-01 12:16,29805.5,29806.5,29805.5,29806.5,2.0
2026-09-01 14:37,29846.5,29846.5,29846.5,29846.5,1.0
2026-09-01 17:25,29746.5,29746.5,29746.5,29746.5,1.0
2026-09-01 17:33,29786.0,29786.0,29786.0,29786.0,1.0
2026-09-01 18:34,29703.75,29703.75,29703.75,29703.75,1.0
2026-09-02 01:27,29750.0,29750.0,29750.0,29750.0,1.0
2026-09-02 01:37,29736.0,29736.0,29736.0,29736.0,1.0
2026-09-02 12:21,29780.0,29780.0,29780.0,29780.0,1.0
2026-09-02 14:16,29779.5,29779.5,29779.5,29779.5,1.0
2026-09-02 14:33,29819.0,29819.0,29819.0,29819.0,1.0
2026-09-02 14:58,29760.0,29760.0,29760.0,29760.0,1.0
2026-09-02 15:08,29788.5,29788.5,29788.5,29788.5,1.0
2026-09-02 16:03,29816.75,29816.75,29816.75,29816.75,1.0
2026-09-02 16:29,29785.0,29785.0,29785.0,29785.0,1.0
2026-09-02 20:24,29781.5,29781.5,29781.5,29781.5,1.0
2026-09-02 23:45,29837.5,29837.5,29837.5,29837.5,4.0
2026-09-03 00:20,29800.0,29800.0,29800.0,29800.0,4.0
2026-09-03 03:31,29857.75,29857.75,29857.75,29857.75,1.0
2026-09-03 05:05,29820.0,29820.0,29820.0,29820.0,1.0
2026-09-03 07:41,29874.0,29874.0,29874.0,29874.0,4.0
2026-09-03 09:31,29840.0,29840.0,29838.5,29838.5,4.0
2026-09-03 13:41,29971.75,29971.75,29971.75,29971.75,1.0
2026-09-03 13:47,29971.0,29985.75,29956.0,29985.75,5.0
2026-09-03 14:07,29904.25,29904.25,29904.25,29904.25,1.0
2026-09-03 14:08,29894.75,29899.0,29894.75,29899.0,2.0
2026-09-03 15:01,30006.25,30006.25,30006.25,30006.25,1.0
2026-09-03 15:31,30173.0,30173.0,30173.0,30173.0,1.0
2026-09-03 15:38,30155.0,30155.0,30155.0,30155.0,1.0
2026-09-03 17:07,30124.25,30124.25,30124.25,30124.25,2.0
2026-09-03 18:00,30200.0,30200.0,30200.0,30200.0,1.0
2026-09-03 18:01,30200.0,30200.0,30200.0,30200.0,3.0
2026-09-03 19:36,30149.5,30149.5,30149.5,30149.5,1.0
2026-09-04 04:57,30235.0,30235.0,30235.0,30235.0,2.0
2026-09-04 16:13,30192.0,30192.0,30192.0,30192.0,10.0
2026-09-08 06:30,30221.75,30222.0,30221.75,30222.0,3.0
2026-09-08 06:35,30215.5,30230.5,30215.5,30230.5,4.0
2026-09-08 15:16,30232.75,30232.75,30232.75,30232.75,1.0
2026-09-08 15:17,30255.25,30255.25,30254.0,30254.0,5.0
2026-09-09 10:17,30049.25,30049.25,30049.25,30049.25,1.0
2026-09-09 13:54,30142.75,30142.75,30142.75,30142.75,1.0
2026-09-09 13:59,30204.75,30204.75,30204.75,30204.75,1.0
2026-09-09 16:20,30040.0,30040.0,30040.0,30040.0,1.0
2026-09-09 17:52,30102.75,30102.75,30102.75,30102.75,2.0
2026-09-10 11:50,29940.25,29940.25,29940.25,29940.25,1.0
2026-09-10 13:36,29762.0,29762.0,29762.0,29762.0,1.0
2026-09-10 14:10,29757.75,29757.75,29757.75,29757.75,1.0
2026-09-10 14:52,29866.75,29866.75,29866.75,29866.75,1.0
2026-09-10 15:22,29847.5,29847.5,29847.5,29847.5,1.0
2026-09-10 20:44,29799.25,29799.25,29799.25,29799.25,1.0
2026-09-11 11:11,29910.5,29910.5,29910.5,29910.5,1.0
2026-09-11 12:30,29922.5,29922.5,29922.5,29922.5,1.0
2026-09-11 12:31,29942.5,29942.5,29942.5,29942.5,1.0
2026-09-11 12:37,29995.0,29995.0,29995.0,29995.0,1.0
2026-09-11 12:40,30010.0,30010.0,30010.0,30010.0,1.0
2026-09-11 12:57,30088.0,30088.0,30088.0,30088.0,1.0
2026-09-11 13:00,30106.5,30106.5,30106.5,30106.5,1.0
2026-09-11 13:30,30038.0,30038.0,30038.0,30038.0,1.0
2026-09-11 14:02,30045.75,30045.75,30045.75,30045.75,1.0
2026-09-11 14:44,29998.75,29998.75,29998.75,29998.75,1.0
2026-09-11 15:16,30071.75,30071.75,30071.75,30071.75,1.0
2026-09-11 15:36,30111.25,30111.25,30111.25,30111.25,1.0
2026-09-11 15:56,30085.5,30085.5,30085.5,30085.5,1.0
2026-09-11 17:19,30084.0,30084.0,30084.0,30084.0,1.0
2026-09-11 17:37,30118.5,30118.5,30118.5,30118.5,1.0
2026-09-11 18:16,30090.5,30090.5,30090.5,30090.5,1.0
2026-09-11 18:20,30059.5,30059.5,30059.5,30059.5,1.0
2026-09-11 19:09,30055.0,30055.0,30055.0,30055.0,1.0
2026-09-13 23:09,29701.75,29701.75,29686.75,29686.75,4.0
2026-09-13 23:45,29665.75,29665.75,29665.75,29665.75,1.0
2026-09-14 00:07,29691.0,29691.0,29691.0,29691.0,1.0
2026-09-14 00:26,29652.0,29652.0,29652.0,29652.0,1.0
2026-09-14 01:33,29646.5,29646.5,29646.5,29646.5,1.0
2026-09-14 01:41,29664.25,29664.25,29664.25,29664.25,1.0
2026-09-14 02:46,29696.25,29696.25,29696.25,29696.25,1.0
2026-09-14 03:07,29689.25,29689.25,29689.25,29689.25,1.0
2026-09-14 04:31,29653.5,29653.5,29653.5,29653.5,1.0
2026-09-14 07:45,29571.0,29571.0,29571.0,29571.0,2.0
2026-09-14 07:52,29545.0,29545.0,29545.0,29545.0,1.0
2026-09-14 08:16,29555.0,29555.0,29555.0,29555.0,2.0
2026-09-14 08:49,29500.0,29500.0,29500.0,29500.0,1.0
2026-09-14 11:35,29595.75,29595.75,29595.75,29595.75,1.0
2026-09-14 11:46,29582.75,29582.75,29582.75,29582.75,1.0
2026-09-14 12:36,29500.0,29500.0,29500.0,29500.0,1.0
2026-09-14 13:05,29486.75,29486.75,29486.75,29486.75,1.0
2026-09-14 13:50,29666.0,29666.0,29666.0,29666.0,1.0
2026-09-14 13:53,29631.5,29631.5,29631.5,29631.5,1.0
2026-09-14 14:01,29652.0,29652.0,29652.0,29652.0,1.0
2026-09-14 14:07,29700.0,29700.0,29700.0,29700.0,2.0
2026-09-14 14:11,29727.0,29727.0,29727.0,29727.0,1.0
2026-09-14 14:20,29673.75,29673.75,29671.75,29671.75,3.0
2026-09-14 14:28,29636.0,29636.0,29636.0,29636.0,1.0
2026-09-14 14:38,29600.0,29600.0,29600.0,29600.0,1.0
2026-09-14 14:56,29612.5,29612.5,29612.5,29612.5,1.0
2026-09-14 15:32,29756.25,29756.25,29756.25,29756.25,1.0
2026-09-14 15:33,29788.0,29788.0,29787.5,29787.5,2.0
2026-09-14 15:34,29797.0,29797.0,29797.0,29797.0,1.0
2026-09-14 15:46,29822.5,29822.5,29822.5,29822.5,1.0
2026-09-14 16:04,29792.0,29792.0,29792.0,29792.0,1.0
2026-09-14 17:20,29900.0,29900.0,29900.0,29900.0,1.0
2026-09-14 17:25,29916.5,29916.5,29916.5,29916.5,1.0
2026-09-14 17:31,29924.0,29924.0,29913.0,29913.0,2.0
2026-09-14 17:32,29928.0,29928.0,29928.0,29928.0,1.0
2026-09-14 17:34,29905.5,29905.5,29905.5,29905.5,1.0
2026-09-14 17:35,29917.0,29918.0,29917.0,29918.0,2.0
2026-09-14 17:38,29918.0,29918.0,29918.0,29918.0,2.0
2026-09-14 19:03,29890.0,29890.0,29890.0,29890.0,1.0
2026-09-15 00:47,29809.5,29809.5,29809.5,29809.5,1.0
2026-09-15 00:49,29830.25,29830.25,29830.25,29830.25,1.0
2026-09-15 00:51,29816.0,29816.0,29816.0,29816.0,1.0
2026-09-15 00:53,29831.25,29831.25,29831.25,29831.25,1.0
2026-09-15 00:54,29826.5,29826.5,29826.5,29826.5,1.0
2026-09-15 01:12,29826.75,29826.75,29826.75,29826.75,1.0
2026-09-15 05:07,29694.25,29694.25,29694.25,29694.25,1.0
2026-09-15 05:08,29690.0,29690.0,29690.0,29690.0,1.0
2026-09-15 06:29,29720.0,29720.0,29720.0,29720.0,1.0
2026-09-15 07:04,29703.25,29703.25,29703.25,29703.25,4.0
2026-09-15 07:46,29648.75,29648.75,29648.75,29648.75,1.0
2026-09-15 10:00,29677.25,29677.25,29677.25,29677.25,1.0
2026-09-15 10:02,29677.25,29677.25,29677.25,29677.25,1.0
2026-09-15 10:10,29677.25,29677.25,29677.25,29677.25,1.0
2026-09-15 14:21,29685.0,29685.0,29685.0,29685.0,1.0
2026-09-15 14:25,29662.0,29662.0,29662.0,29662.0,1.0
2026-09-15 14:27,29678.0,29678.0,29678.0,29678.0,1.0
2026-09-15 14:30,29665.5,29665.5,29665.0,29665.0,2.0
2026-09-15 14:53,29573.75,29573.75,29573.75,29573.75,1.0
2026-09-15 16:09,29597.75,29597.75,29597.75,29597.75,1.0
2026-09-15 16:16,29592.75,29592.75,29592.75,29592.75,1.0
2026-09-15 17:31,29602.75,29602.75,29602.75,29602.75,1.0
2026-09-15 19:55,29585.0,29585.0,29585.0,29585.0,1.0
2026-09-15 20:49,29629.75,29629.75,29629.75,29629.75,2.0
2026-09-16 00:30,29627.0,29627.0,29627.0,29627.0,1.0
2026-09-16 09:16,29695.5,29695.5,29695.5,29695.5,1.0
2026-09-16 09:21,29691.0,29691.0,29691.0,29691.0,1.0
2026-09-16 13:45,29753.5,29754.0,29753.5,29754.0,3.0
2026-09-16 13:51,29814.75,29815.0,29804.5,29815.0,3.0
2026-09-16 14:24,29815.0,29815.0,29815.0,29815.0,1.0
2026-09-16 14:36,29785.5,29785.5,29785.5,29785.5,1.0
2026-09-16 15:05,29853.0,29853.0,29853.0,29853.0,1.0
2026-09-16 15:09,29874.25,29874.25,29874.25,29874.25,1.0
2026-09-16 15:11,29865.5,29865.5,29865.5,29865.5,1.0
2026-09-16 15:13,29865.0,29865.5,29865.0,29865.5,2.0
2026-09-16 15:56,29860.0,29860.0,29860.0,29860.0,1.0
2026-09-16 16:03,29819.25,29819.25,29819.25,29819.25,1.0
2026-09-16 16:04,29823.5,29823.5,29823.5,29823.5,1.0
2026-09-16 16:07,29819.5,29819.5,29819.5,29819.5,1.0
2026-09-16 16:08,29833.0,29833.0,29833.0,29833.0,1.0
2026-09-16 16:09,29833.25,29833.25,29833.25,29833.25,1.0
2026-09-16 16:11,29817.75,29817.75,29817.75,29817.75,1.0
2026-09-16 17:30,29811.75,29811.75,29811.75,29811.75,1.0
2026-09-16 18:00,29824.75,29824.75,29824.75,29824.75,3.0
2026-09-16 18:01,29762.0,29762.0,29762.0,29762.0,1.0
2026-09-16 18:03,29831.25,29831.25,29831.25,29831.25,1.0
2026-09-16 18:13,29803.0,29824.75,29803.0,29824.75,2.0
2026-09-16 18:28,29760.0,29760.0,29760.0,29760.0,1.0
2026-09-16 18:30,29791.25,29791.25,29791.25,29791.25,1.0
2026-09-16 18:31,29760.0,29760.0,29760.0,29760.0,1.0
2026-09-16 18:42,29795.5,29795.5,29795.5,29795.5,1.0
2026-09-16 18:53,29675.5,29675.5,29650.0,29650.0,3.0
2026-09-16 18:56,29630.25,29630.25,29630.0,29630.0,2.0
2026-09-16 19:09,29532.5,29532.5,29532.25,29532.25,2.0
2026-09-16 19:10,29523.0,29523.0,29523.0,29523.0,1.0
2026-09-16 19:11,29500.25,29500.25,29500.0,29500.0,2.0
2026-09-16 19:12,29480.0,29480.0,29480.0,29480.0,1.0
2026-09-16 19:13,29490.25,29490.25,29490.0,29490.0,4.0
2026-09-16 19:40,29535.5,29535.5,29535.5,29535.5,1.0
2026-09-16 19:41,29550.0,29550.0,29550.0,29550.0,1.0
2026-09-16 19:45,29560.0,29560.0,29560.0,29560.0,1.0
2026-09-16 19:46,29570.0,29570.0,29570.0,29570.0,1.0
2026-09-16 19:49,29580.0,29580.0,29570.0,29570.0,2.0
2026-09-16 19:50,29577.25,29577.25,29577.25,29577.25,2.0
2026-09-16 19:54,29584.0,29584.0,29584.0,29584.0,1.0
2026-09-16 19:55,29575.75,29575.75,29575.75,29575.75,3.0
2026-09-16 19:59,29594.5,29601.25,29594.5,29601.25,2.0
2026-09-16 20:00,29605.25,29606.25,29605.25,29606.25,2.0
2026-09-16 23:00,29700.0,29700.0,29700.0,29700.0,1.0
2026-09-16 23:40,29760.0,29766.75,29760.0,29766.75,3.0
2026-09-17 00:07,29800.0,29800.0,29800.0,29800.0,1.0
2026-09-17 00:16,29774.5,29774.5,29774.5,29774.5,1.0
2026-09-17 01:49,29792.0,29797.5,29792.0,29797.5,5.0
2026-09-17 03:13,29778.25,29778.25,29778.25,29778.25,1.0
2026-09-17 05:03,29795.0,29795.0,29795.0,29795.0,1.0
2026-09-17 06:02,29721.5,29721.5,29721.5,29721.5,1.0
2026-09-17 08:12,29847.75,29847.75,29847.75,29847.75,2.0
2026-09-17 12:03,29942.75,29942.75,29942.75,29942.75,1.0
2026-09-17 12:04,29961.5,29961.5,29961.5,29961.5,1.0
2026-09-17 12:21,30033.5,30033.5,30033.5,30033.5,1.0
2026-09-17 13:30,30056.25,30056.25,30056.25,30056.25,1.0
2026-09-17 13:33,30000.0,30000.0,30000.0,30000.0,1.0
2026-09-17 13:44,29983.25,29983.25,29983.25,29983.25,1.0
2026-09-17 13:45,29983.25,29986.0,29983.0,29986.0,5.0
2026-09-17 13:53,30011.0,30011.0,30011.0,30011.0,1.0
2026-09-17 13:54,30020.0,30020.0,30020.0,30020.0,1.0
2026-09-17 13:55,30014.5,30014.5,30014.5,30014.5,1.0
2026-09-17 14:00,30045.0,30045.0,30045.0,30045.0,1.0
2026-09-17 14:01,29997.5,30007.0,29997.5,30007.0,2.0
2026-09-17 14:02,30010.0,30015.0,30010.0,30015.0,5.0
2026-09-17 14:15,30060.0,30060.0,30060.0,30060.0,8.0
2026-09-17 14:25,30065.25,30065.25,30065.25,30065.25,1.0
2026-09-17 14:27,30079.25,30079.25,30079.25,30079.25,1.0
2026-09-17 14:56,30024.25,30036.25,30024.25,30036.25,4.0
2026-09-17 15:13,30033.5,30033.5,30033.5,30033.5,1.0
2026-09-17 16:22,30088.75,30088.75,30088.0,30088.0,2.0
2026-09-17 16:30,30098.0,30098.0,30095.0,30096.0,4.0
2026-09-17 16:32,30070.0,30073.25,30070.0,30073.25,2.0
2026-09-17 16:55,30069.5,30073.5,30064.25,30070.25,12.0
2026-09-17 16:56,30069.75,30069.75,30069.75,30069.75,1.0
2026-09-17 16:57,30063.0,30063.0,30063.0,30063.0,1.0
2026-09-17 17:01,30105.0,30105.0,30105.0,30105.0,1.0
2026-09-17 17:03,30094.25,30094.25,30094.25,30094.25,1.0
2026-09-17 17:34,30081.25,30081.25,30081.25,30081.25,1.0
2026-09-17 17:36,30077.0,30077.0,30077.0,30077.0,1.0
2026-09-17 17:44,30080.25,30080.25,30080.0,30080.0,3.0
2026-09-17 18:08,30080.0,30080.0,30080.0,30080.0,1.0
2026-09-17 18:39,30060.0,30060.0,30060.0,30060.0,1.0
2026-09-17 19:18,30090.0,30090.0,30090.0,30090.0,1.0
2026-09-17 19:26,30080.0,30080.0,30080.0,30080.0,1.0
2026-09-17 19:29,30075.25,30075.25,30075.25,30075.25,1.0
2026-09-17 19:32,30095.25,30095.25,30095.25,30095.25,1.0
2026-09-17 19:35,30105.0,30105.0,30105.0,30105.0,1.0
2026-09-17 19:36,30105.0,30105.0,30105.0,30105.0,1.0
2026-09-17 19:42,30095.0,30095.0,30095.0,30095.0,1.0
2026-09-17 19:50,30110.0,30111.0,30110.0,30111.0,4.0
2026-09-17 19:53,30136.5,30136.75,30136.5,30136.75,2.0
2026-09-17 19:54,30135.0,30137.75,30135.0,30137.75,3.0
2026-09-17 19:55,30110.25,30118.25,30110.25,30118.25,5.0
2026-09-17 19:59,30100.0,30100.0,30084.75,30090.75,9.0
2026-09-17 20:00,30093.5,30093.5,30086.0,30088.25,5.0
2026-09-17 20:15,30072.0,30072.0,30072.0,30072.0,1.0
2026-09-17 20:17,30062.25,30062.25,30062.25,30062.25,1.0
2026-09-17 22:46,30028.5,30031.75,30028.5,30031.75,2.0
2026-09-18 00:01,30045.25,30045.25,30045.25,30045.25,2.0
2026-09-18 01:16,30001.5,30001.5,30001.5,30001.5,1.0
2026-09-18 01:34,30002.75,30002.75,30002.75,30002.75,1.0
2026-09-18 04:24,30110.0,30110.0,30110.0,30110.0,1.0
2026-09-18 04:43,30131.0,30131.0,30131.0,30131.0,1.0
2026-09-18 05:24,30162.0,30163.0,30162.0,30163.0,2.0
2026-09-18 05:52,30189.5,30189.5,30189.5,30189.5,1.0
2026-09-18 06:12,30219.0,30219.0,30219.0,30219.0,1.0
2026-09-18 06:29,30233.75,30233.75,30233.75,30233.75,1.0
2026-09-18 06:32,30240.0,30240.0,30240.0,30240.0,1.0
2026-09-18 07:26,30303.0,30303.0,30303.0,30303.0,1.0
2026-09-18 09:01,30225.5,30225.5,30225.5,30225.5,1.0
2026-09-18 10:07,30194.5,30194.5,30194.5,30194.5,1.0
2026-09-18 10:54,30221.75,30221.75,30221.75,30221.75,1.0
2026-09-18 11:17,30175.0,30175.0,30175.0,30175.0,1.0
2026-09-18 11:34,30192.0,30192.0,30192.0,30192.0,1.0
2026-09-18 12:25,30121.75,30121.75,30121.75,30121.75,1.0
2026-09-18 12:40,30133.25,30133.25,30133.25,30133.25,1.0
2026-09-18 12:41,30132.0,30132.0,30132.0,30132.0,1.0
2026-09-18 13:17,30142.75,30142.75,30142.75,30142.75,2.0
2026-09-18 13:25,30115.5,30115.5,30115.5,30115.5,1.0
2026-09-18 13:29,30152.75,30165.25,30152.75,30165.25,2.0
2026-09-18 13:30,30166.25,30169.25,30166.0,30169.25,3.0
2026-09-18 13:31,30177.75,30177.75,30177.75,30177.75,1.0
2026-09-18 13:32,30180.5,30180.5,30180.5,30180.5,1.0
2026-09-18 13:35,30168.0,30168.0,30168.0,30168.0,1.0
2026-09-18 13:37,30183.0,30183.0,30183.0,30183.0,1.0
2026-09-18 13:42,30188.0,30188.0,30188.0,30188.0,1.0
2026-09-18 13:43,30170.0,30170.0,30170.0,30170.0,1.0
2026-09-18 13:44,30155.0,30155.0,30155.0,30155.0,2.0
2026-09-18 13:45,30168.75,30169.0,30168.75,30169.0,2.0
2026-09-18 13:48,30155.0,30157.0,30155.0,30157.0,2.0
2026-09-18 13:50,30143.0,30143.0,30143.0,30143.0,1.0
2026-09-18 13:51,30141.75,30141.75,30141.75,30141.75,1.0
2026-09-18 13:53,30148.5,30148.5,30142.0,30142.0,2.0
2026-09-18 13:55,30123.5,30123.5,30123.5,30123.5,1.0
2026-09-18 13:56,30136.25,30136.25,30136.0,30136.0,2.0
2026-09-18 14:02,30100.0,30100.0,30094.5,30097.75,3.0
2026-09-18 14:03,30091.25,30091.25,30085.0,30085.0,2.0
2026-09-18 14:06,30099.5,30099.5,30099.5,30099.5,1.0
2026-09-18 14:07,30088.25,30088.25,30087.75,30087.75,2.0
2026-09-18 14:09,30089.5,30089.5,30089.5,30089.5,1.0
2026-09-18 14:10,30104.0,30104.0,30104.0,30104.0,1.0
2026-09-18 14:11,30107.0,30107.0,30107.0,30107.0,1.0
2026-09-18 14:12,30096.25,30096.25,30096.25,30096.25,1.0
2026-09-18 14:15,30076.0,30076.0,30076.0,30076.0,1.0
2026-09-18 14:16,30065.5,30065.5,30047.5,30052.25,8.0
2026-09-18 14:19,30074.5,30074.5,30074.5,30074.5,1.0
2026-09-18 14:20,30077.75,30077.75,30077.75,30077.75,1.0
2026-09-18 14:22,30084.5,30084.5,30084.5,30084.5,1.0
2026-09-18 14:23,30093.0,30093.0,30092.0,30092.0,2.0
2026-09-18 14:24,30091.75,30091.75,30089.25,30089.25,2.0
2026-09-18 14:26,30081.5,30081.5,30081.5,30081.5,1.0
2026-09-18 14:30,30078.25,30081.0,30078.25,30081.0,2.0
2026-09-18 14:36,30071.0,30071.0,30071.0,30071.0,1.0
2026-09-18 14:39,30091.0,30098.5,30088.75,30092.5,12.0
2026-09-18 14:42,30074.25,30074.25,30067.5,30067.5,2.0
2026-09-18 14:43,30061.25,30061.25,30061.25,30061.25,1.0
2026-09-18 14:51,30110.25,30110.25,30108.25,30108.25,3.0
2026-09-18 14:53,30115.5,30115.5,30114.75,30114.75,2.0
2026-09-18 14:55,30117.0,30117.0,30117.0,30117.0,1.0
2026-09-18 14:56,30111.0,30111.0,30111.0,30111.0,1.0
2026-09-18 14:59,30108.0,30108.0,30108.0,30108.0,1.0
2026-09-18 15:02,30092.5,30092.5,30092.5,30092.5,1.0
2026-09-18 15:03,30099.25,30099.25,30099.25,30099.25,1.0
2026-09-18 15:13,30082.5,30082.5,30082.5,30082.5,1.0
2026-09-18 15:15,30081.75,30081.75,30081.75,30081.75,1.0
2026-09-18 15:20,30086.0,30086.0,30086.0,30086.0,1.0
2026-09-18 15:22,30082.0,30082.0,30082.0,30082.0,1.0
2026-09-18 15:23,30095.0,30095.0,30095.0,30095.0,1.0
2026-09-18 15:29,30102.25,30102.25,30102.25,30102.25,1.0
2026-09-18 15:30,30108.0,30108.0,30106.5,30106.5,2.0
2026-09-18 15:31,30089.5,30089.5,30083.75,30083.75,6.0
2026-09-18 15:34,30085.5,30085.5,30085.5,30085.5,1.0
2026-09-18 15:37,30089.5,30089.5,30089.5,30089.5,1.0
2026-09-18 15:38,30085.5,30085.5,30085.5,30085.5,1.0
2026-09-18 15:41,30066.5,30072.25,30066.25,30072.25,3.0
2026-09-18 15:45,30070.0,30070.0,30070.0,30070.0,1.0
2026-09-18 16:02,30055.75,30055.75,30055.75,30055.75,1.0
2026-09-18 16:04,30059.25,30059.25,30059.25,30059.25,1.0
2026-09-18 16:09,30066.25,30067.25,30066.25,30067.25,2.0
2026-09-18 16:15,30060.75,30060.75,30060.75,30060.75,1.0
2026-09-18 16:17,30063.75,30063.75,30063.75,30063.75,1.0
2026-09-18 16:21,30064.5,30064.5,30064.5,30064.5,1.0
2026-09-18 16:23,30035.0,30035.0,30030.0,30030.0,2.0
2026-09-18 16:25,30024.25,30024.25,30022.0,30022.0,2.0
2026-09-18 16:27,30025.5,30025.5,30025.5,30025.5,1.0
2026-09-18 16:28,30045.5,30049.5,30040.0,30046.5,11.0
2026-09-18 16:29,30042.5,30053.0,30042.5,30053.0,14.0
2026-09-18 16:30,30053.0,30053.0,30046.5,30046.5,19.0
2026-09-18 16:33,30064.25,30066.75,30064.25,30066.75,2.0
2026-09-18 16:34,30070.0,30070.0,30070.0,30070.0,1.0
2026-09-18 16:37,30062.0,30062.0,30062.0,30062.0,2.0
2026-09-18 16:38,30054.25,30054.25,30054.25,30054.25,1.0
2026-09-18 16:49,30062.5,30062.5,30062.5,30062.5,1.0
2026-09-18 16:58,30083.25,30083.25,30083.25,30083.25,1.0
2026-09-18 16:59,30077.5,30077.5,30077.5,30077.5,1.0
2026-09-18 17:05,30090.5,30090.5,30090.5,30090.5,1.0
2026-09-18 17:09,30089.75,30089.75,30089.75,30089.75,1.0
2026-09-18 17:15,30093.5,30093.5,30093.5,30093.5,1.0
2026-09-18 17:32,30090.25,30090.75,30090.25,30090.75,2.0
2026-09-18 18:02,30116.25,30116.25,30116.25,30116.25,1.0
2026-09-18 18:21,30127.75,30127.75,30127.75,30127.75,1.0
2026-09-18 18:30,30132.5,30132.75,30132.5,30132.75,2.0
2026-09-18 18:50,30175.75,30176.0,30175.75,30176.0,2.0
2026-09-18 18:53,30193.75,30200.0,30193.75,30197.5,5.0
2026-09-18 18:54,30201.25,30201.25,30199.5,30199.5,3.0
2026-09-18 18:55,30188.25,30188.25,30188.25,30188.25,2.0
2026-09-18 18:56,30191.5,30191.5,30191.5,30191.5,1.0
2026-09-18 18:58,30190.25,30190.5,30190.25,30190.5,2.0
2026-09-18 18:59,30186.5,30186.5,30185.0,30185.25,3.0
2026-09-18 19:04,30196.25,30200.0,30196.25,30200.0,5.0
2026-09-18 19:22,30193.75,30193.75,30193.75,30193.75,1.0
2026-09-18 19:30,30179.5,30182.25,30179.5,30181.25,3.0
2026-09-18 19:32,30180.25,30180.25,30180.25,30180.25,1.0
2026-09-18 19:44,30203.75,30203.75,30203.75,30203.75,1.0
2026-09-18 19:45,30206.75,30206.75,30206.75,30206.75,1.0
2026-09-18 19:49,30225.0,30225.0,30225.0,30225.0,2.0
2026-09-18 19:50,30230.25,30230.25,30230.25,30230.25,1.0
2026-09-18 19:52,30220.25,30220.25,30220.25,30220.25,1.0
2026-09-18 19:55,30250.0,30265.5,30250.0,30263.5,6.0
2026-09-18 19:57,30265.75,30290.0,30265.75,30290.0,6.0
2026-09-18 19:58,30277.0,30277.0,30277.0,30277.0,1.0
2026-09-18 19:59,30270.5,30270.5,30269.0,30269.0,2.0
2026-09-18 20:00,30269.25,30281.0,30269.25,30281.0,13.0
2026-09-18 20:02,30290.0,30300.0,30290.0,30295.25,4.0
2026-09-18 20:03,30304.25,30304.25,30304.25,30304.25,1.0
2026-09-18 20:05,30300.0,30300.0,30300.0,30300.0,1.0
2026-09-18 20:10,30329.75,30329.75,30329.75,30329.75,1.0
2026-09-18 20:11,30340.0,30340.0,30340.0,30340.0,2.0
2026-09-18 20:12,30338.0,30338.0,30338.0,30338.0,1.0
2026-09-18 20:14,30330.0,30330.0,30330.0,30330.0,2.0
2026-09-18 20:15,30327.75,30327.75,30327.75,30327.75,1.0
2026-09-18 20:19,30322.25,30322.25,30322.25,30322.25,1.0
2026-09-18 20:20,30323.25,30323.25,30323.25,30323.25,1.0
2026-09-18 20:34,30325.0,30325.0,30325.0,30325.0,1.0
2026-09-18 20:48,30337.0,30337.0,30337.0,30337.0,1.0
2026-09-18 20:56,30313.0,30313.0,30313.0,30313.0,1.0
2026-09-18 20:58,30314.0,30314.0,30309.25,30309.25,3.0
2026-09-20 22:00,30291.5,30291.5,30291.5,30291.5,1.0
2026-09-20 22:02,30282.0,30282.0,30282.0,30282.0,1.0
2026-09-20 22:03,30270.0,30270.0,30270.0,30270.0,1.0
2026-09-20 22:05,30295.0,30295.0,30295.0,30295.0,1.0
2026-09-20 22:15,30340.0,30340.0,30339.25,30339.25,4.0
2026-09-20 22:20,30339.5,30339.5,30339.5,30339.5,1.0
2026-09-20 22:23,30350.0,30350.0,30350.0,30350.0,2.0
2026-09-20 22:24,30339.5,30339.5,30339.5,30339.5,1.0
2026-09-20 22:25,30342.0,30344.75,30342.0,30344.75,2.0
2026-09-20 22:31,30351.75,30351.75,30351.75,30351.75,1.0
2026-09-20 22:34,30353.5,30354.75,30353.25,30353.25,5.0
2026-09-20 22:36,30377.75,30377.75,30377.75,30377.75,1.0
2026-09-20 22:39,30365.5,30365.5,30365.5,30365.5,1.0
2026-09-20 22:49,30359.75,30359.75,30359.75,30359.75,2.0
2026-09-20 22:56,30380.5,30380.5,30380.5,30380.5,1.0
2026-09-20 22:57,30378.0,30378.0,30378.0,30378.0,1.0
2026-09-20 23:02,30373.25,30373.25,30373.25,30373.25,1.0
2026-09-20 23:15,30370.75,30370.75,30370.75,30370.75,2.0
2026-09-20 23:29,30380.25,30380.25,30380.25,30380.25,1.0
2026-09-20 23:30,30383.5,30383.5,30383.5,30383.5,1.0
2026-09-20 23:37,30390.25,30390.25,30390.25,30390.25,1.0
2026-09-20 23:39,30393.0,30393.25,30393.0,30393.25,2.0
2026-09-20 23:40,30387.75,30387.75,30387.75,30387.75,1.0
2026-09-21 00:01,30390.75,30390.75,30390.75,30390.75,1.0
2026-09-21 00:02,30392.5,30392.5,30392.5,30392.5,1.0
2026-09-21 00:11,30392.0,30392.0,30392.0,30392.0,1.0
2026-09-21 00:16,30400.75,30402.0,30400.75,30402.0,8.0
2026-09-21 00:23,30418.5,30418.5,30418.5,30418.5,1.0
2026-09-21 00:38,30444.25,30444.25,30444.25,30444.25,2.0
2026-09-21 00:56,30434.0,30434.0,30434.0,30434.0,1.0
2026-09-21 01:05,30466.5,30469.75,30466.5,30469.75,2.0
2026-09-21 01:11,30472.0,30472.0,30472.0,30472.0,2.0
2026-09-21 01:12,30472.75,30480.5,30470.25,30470.25,11.0
2026-09-21 01:13,30470.0,30470.0,30470.0,30470.0,1.0
2026-09-21 01:23,30462.0,30462.0,30462.0,30462.0,1.0
2026-09-21 01:32,30473.0,30473.0,30473.0,30473.0,1.0
2026-09-21 01:47,30458.0,30458.0,30458.0,30458.0,1.0
2026-09-21 01:49,30450.0,30450.0,30450.0,30450.0,1.0
2026-09-21 01:50,30443.0,30443.0,30443.0,30443.0,1.0
2026-09-21 01:51,30441.5,30441.5,30441.5,30441.5,2.0
2026-09-21 02:06,30427.75,30427.75,30427.75,30427.75,1.0
2026-09-21 02:15,30433.0,30433.0,30433.0,30433.0,1.0
2026-09-21 02:16,30435.0,30435.0,30435.0,30435.0,1.0
2026-09-21 02:17,30438.75,30438.75,30438.75,30438.75,1.0
2026-09-21 02:21,30432.0,30433.0,30432.0,30433.0,10.0
2026-09-21 02:24,30433.25,30433.25,30433.25,30433.25,1.0
2026-09-21 02:30,30435.5,30435.5,30435.5,30435.5,5.0
2026-09-21 02:40,30430.0,30430.0,30430.0,30430.0,1.0
2026-09-21 02:42,30437.25,30437.25,30437.25,30437.25,1.0
2026-09-21 02:55,30440.75,30440.75,30440.75,30440.75,1.0
2026-09-21 02:56,30436.5,30436.5,30436.5,30436.5,1.0
2026-09-21 03:16,30458.0,30458.0,30458.0,30458.0,1.0
2026-09-21 03:31,30444.5,30444.5,30444.5,30444.5,1.0
2026-09-21 03:56,30445.75,30445.75,30445.75,30445.75,1.0
2026-09-21 04:04,30439.75,30439.75,30439.75,30439.75,2.0
2026-09-21 04:05,30437.75,30437.75,30437.75,30437.75,1.0
2026-09-21 04:06,30437.75,30437.75,30437.75,30437.75,1.0
2026-09-21 04:18,30455.5,30455.5,30455.5,30455.5,1.0
2026-09-21 06:16,30473.5,30473.5,30473.5,30473.5,1.0
2026-09-21 06:25,30466.75,30466.75,30466.75,30466.75,1.0
2026-09-21 06:31,30466.0,30466.0,30466.0,30466.0,3.0
2026-09-21 06:46,30483.5,30483.5,30483.5,30483.5,1.0
2026-09-21 06:59,30492.5,30492.5,30492.5,30492.5,1.0
2026-09-21 07:00,30500.0,30500.0,30500.0,30500.0,2.0
2026-09-21 07:41,30498.25,30498.25,30498.25,30498.25,1.0
2026-09-21 08:07,30559.0,30559.0,30559.0,30559.0,1.0
2026-09-21 08:38,30584.25,30584.25,30584.25,30584.25,1.0
2026-09-21 08:41,30588.5,30590.5,30588.5,30590.5,2.0
2026-09-21 08:46,30588.5,30588.5,30588.5,30588.5,1.0
2026-09-21 08:51,30585.5,30585.5,30585.5,30585.5,1.0
2026-09-21 08:57,30591.25,30591.25,30591.25,30591.25,1.0
2026-09-21 09:08,30600.0,30600.0,30600.0,30600.0,2.0
2026-09-21 09:11,30589.5,30589.5,30589.5,30589.5,1.0
2026-09-21 09:19,30589.5,30589.5,30589.5,30589.5,5.0
2026-09-21 09:47,30615.25,30615.25,30611.75,30611.75,2.0
2026-09-21 10:00,30592.0,30592.0,30592.0,30592.0,1.0
2026-09-21 10:53,30605.0,30605.0,30605.0,30605.0,1.0
2026-09-21 11:24,30578.5,30578.5,30578.5,30578.5,5.0
2026-09-21 11:25,30577.5,30577.5,30577.5,30577.5,1.0
2026-09-21 11:49,30600.0,30600.0,30600.0,30600.0,1.0
2026-09-21 12:02,30596.5,30596.5,30595.75,30595.75,3.0
2026-09-21 12:04,30610.0,30610.0,30610.0,30610.0,1.0
2026-09-21 12:05,30626.25,30628.5,30626.25,30628.5,5.0
2026-09-21 12:17,30606.25,30606.25,30602.0,30602.0,2.0
2026-09-21 12:25,30591.75,30591.75,30591.75,30591.75,5.0
2026-09-21 12:26,30594.0,30594.0,30594.0,30594.0,1.0
2026-09-21 12:28,30585.0,30585.0,30585.0,30585.0,1.0
2026-09-21 12:46,30605.0,30605.0,30605.0,30605.0,1.0
2026-09-21 12:52,30596.25,30596.25,30596.25,30596.25,2.0
2026-09-21 13:21,30576.5,30576.5,30576.25,30576.25,2.0
2026-09-21 13:22,30571.5,30572.25,30571.5,30572.25,3.0
2026-09-21 13:23,30566.0,30566.0,30566.0,30566.0,1.0
2026-09-21 13:24,30563.5,30563.5,30563.5,30563.5,5.0
2026-09-21 13:30,30606.0,30618.0,30606.0,30606.25,14.0
2026-09-21 13:31,30606.25,30606.25,30599.0,30604.75,9.0
2026-09-21 13:35,30611.0,30611.75,30603.0,30603.0,4.0
2026-09-21 13:37,30623.75,30652.5,30623.75,30652.5,3.0
2026-09-21 13:39,30650.75,30654.0,30650.75,30654.0,2.0
2026-09-21 13:40,30664.75,30664.75,30664.75,30664.75,1.0
2026-09-21 13:41,30670.75,30671.0,30670.75,30671.0,2.0
2026-09-21 13:43,30680.0,30688.5,30677.5,30688.5,3.0
2026-09-21 13:45,30700.0,30719.75,30700.0,30718.75,6.0
2026-09-21 13:46,30720.75,30728.5,30720.75,30728.5,2.0
2026-09-21 13:47,30720.0,30720.0,30720.0,30720.0,2.0
2026-09-21 13:48,30730.0,30730.0,30730.0,30730.0,1.0
2026-09-21 13:49,30720.0,30720.0,30720.0,30720.0,1.0
2026-09-21 13:51,30731.25,30731.25,30731.25,30731.25,1.0
2026-09-21 13:52,30736.75,30754.25,30736.75,30754.25,2.0
2026-09-21 13:53,30757.5,30757.5,30752.0,30752.0,6.0
2026-09-21 13:55,30760.25,30764.25,30760.25,30764.25,2.0
2026-09-21 13:56,30762.5,30762.5,30757.0,30757.0,5.0
2026-09-21 13:57,30760.0,30773.5,30760.0,30773.5,4.0
2026-09-21 13:58,30778.25,30782.75,30769.5,30769.5,8.0
2026-09-21 13:59,30778.25,30778.5,30778.25,30778.5,2.0
2026-09-21 14:00,30778.0,30784.25,30778.0,30780.0,5.0
2026-09-21 14:01,30777.0,30792.5,30777.0,30788.75,4.0
2026-09-21 14:02,30783.25,30783.25,30783.25,30783.25,1.0
2026-09-21 14:03,30773.25,30773.25,30773.25,30773.25,1.0
2026-09-21 14:04,30773.75,30778.0,30773.75,30777.5,3.0
2026-09-21 14:05,30763.0,30763.5,30763.0,30763.5,2.0
2026-09-21 14:06,30763.0,30763.0,30763.0,30763.0,1.0
2026-09-21 14:09,30777.25,30777.25,30771.0,30771.0,3.0
2026-09-21 14:10,30775.0,30777.5,30775.0,30777.5,2.0
2026-09-21 14:12,30784.0,30792.0,30784.0,30792.0,3.0
2026-09-21 14:13,30791.5,30798.0,30791.5,30797.0,4.0
2026-09-21 14:14,30794.5,30794.5,30794.5,30794.5,1.0
2026-09-21 14:15,30810.75,30810.75,30809.25,30809.25,2.0
2026-09-21 14:16,30826.5,30827.0,30825.5,30825.5,3.0
2026-09-21 14:17,30824.25,30824.75,30824.25,30824.75,2.0
2026-09-21 14:19,30825.0,30825.0,30824.5,30824.5,2.0
2026-09-21 14:20,30828.75,30828.75,30828.75,30828.75,1.0
2026-09-21 14:21,30823.25,30830.5,30823.25,30830.5,5.0
2026-09-21 14:22,30849.5,30849.5,30849.5,30849.5,1.0
2026-09-21 14:25,30855.25,30855.25,30855.25,30855.25,1.0
2026-09-21 14:27,30869.25,30870.75,30869.25,30870.5,4.0
2026-09-21 14:29,30873.75,30873.75,30873.75,30873.75,1.0
2026-09-21 14:30,30880.0,30880.75,30880.0,30880.5,3.0
2026-09-21 14:31,30878.5,30878.5,30878.5,30878.5,1.0
2026-09-21 14:32,30888.5,30888.5,30888.5,30888.5,1.0
2026-09-21 14:34,30886.25,30886.25,30880.5,30880.5,3.0
2026-09-21 14:36,30900.0,30905.0,30900.0,30905.0,3.0
2026-09-21 14:37,30908.75,30913.0,30908.75,30909.25,4.0
2026-09-21 14:39,30889.75,30889.75,30889.75,30889.75,2.0
2026-09-21 14:41,30880.25,30880.25,30880.25,30880.25,1.0
2026-09-21 14:42,30877.25,30877.25,30874.5,30874.5,2.0
2026-09-21 14:43,30868.0,30868.0,30868.0,30868.0,1.0
2026-09-21 14:44,30864.75,30874.75,30864.75,30874.75,2.0
2026-09-21 14:45,30870.5,30870.5,30870.5,30870.5,1.0
2026-09-21 14:46,30884.25,30884.25,30884.25,30884.25,3.0
2026-09-21 14:47,30883.5,30894.25,30883.5,30885.0,11.0
2026-09-21 14:48,30885.0,30885.0,30883.5,30883.5,2.0
2026-09-21 14:50,30879.5,30879.5,30877.5,30877.5,6.0
2026-09-21 14:53,30867.75,30867.75,30867.75,30867.75,1.0
2026-09-21 14:54,30888.5,30889.0,30888.5,30889.0,2.0
2026-09-21 14:55,30882.0,30882.0,30882.0,30882.0,3.0
2026-09-21 14:56,30882.0,30882.0,30882.0,30882.0,2.0
2026-09-21 14:57,30901.75,30901.75,30901.0,30901.25,6.0
2026-09-21 14:58,30910.0,30910.0,30910.0,30910.0,1.0
2026-09-21 14:59,30905.0,30905.0,30905.0,30905.0,5.0
2026-09-21 15:00,30912.75,30912.75,30912.75,30912.75,1.0
2026-09-21 15:01,30912.0,30914.0,30912.0,30913.5,9.0
2026-09-21 15:04,30935.0,30935.75,30935.0,30935.75,2.0
2026-09-21 15:05,30936.25,30936.25,30932.0,30932.0,2.0
2026-09-21 15:06,30926.75,30926.75,30926.75,30926.75,1.0
2026-09-21 15:07,30924.0,30924.0,30923.5,30923.5,2.0
2026-09-21 15:09,30936.0,30936.0,30936.0,30936.0,1.0
2026-09-21 15:10,30933.0,30933.0,30933.0,30933.0,1.0
2026-09-21 15:12,30935.0,30935.0,30935.0,30935.0,2.0
2026-09-21 15:14,30931.5,30931.5,30931.5,30931.5,1.0
2026-09-21 15:16,30939.0,30939.0,30935.0,30935.0,3.0
2026-09-21 15:17,30937.25,30937.25,30937.25,30937.25,2.0
2026-09-21 15:19,30938.0,30938.0,30938.0,30938.0,1.0
2026-09-21 15:21,30939.75,30939.75,30939.75,30939.75,1.0
2026-09-21 15:23,30932.0,30932.0,30932.0,30932.0,7.0
2026-09-21 15:25,30940.75,30942.75,30940.75,30942.75,2.0
2026-09-21 15:26,30934.5,30940.0,30933.75,30940.0,3.0
2026-09-21 15:27,30941.5,30943.0,30941.5,30943.0,8.0
2026-09-21 15:28,30938.25,30938.25,30938.25,30938.25,1.0
2026-09-21 15:30,30951.0,30951.0,30951.0,30951.0,1.0
2026-09-21 15:31,30951.0,30951.0,30951.0,30951.0,1.0
2026-09-21 15:34,30947.0,30947.0,30941.0,30941.0,7.0
2026-09-21 15:36,30947.75,30956.5,30947.75,30951.5,6.0
2026-09-21 15:37,30956.5,30956.5,30956.5,30956.5,1.0
2026-09-21 15:38,30958.0,30959.25,30958.0,30959.25,2.0
2026-09-21 15:39,30964.75,30964.75,30964.75,30964.75,1.0
2026-09-21 15:40,30964.0,30964.0,30964.0,30964.0,2.0
2026-09-21 15:42,30966.0,30966.0,30966.0,30966.0,1.0
2026-09-21 15:44,30970.0,30970.0,30970.0,30970.0,1.0
2026-09-21 15:45,30979.75,30979.75,30979.75,30979.75,1.0
2026-09-21 15:47,30987.5,30988.5,30987.5,30988.5,2.0
2026-09-21 15:48,30989.5,30989.5,30989.5,30989.5,1.0
2026-09-21 15:49,30983.0,30983.0,30983.0,30983.0,2.0
2026-09-21 15:50,30985.0,30992.0,30985.0,30992.0,2.0
2026-09-21 15:51,30978.75,30978.75,30978.75,30978.75,1.0
2026-09-21 15:52,30982.75,30982.75,30982.5,30982.5,2.0
2026-09-21 15:53,30981.5,30981.5,30981.5,30981.5,1.0
2026-09-21 15:54,30975.75,30975.75,30975.75,30975.75,1.0
2026-09-21 15:57,30961.5,30964.5,30961.5,30964.5,2.0
2026-09-21 15:58,30963.75,30968.0,30963.75,30968.0,2.0
2026-09-21 16:00,30963.0,30963.0,30963.0,30963.0,29.0
2026-09-21 16:01,30968.0,30968.0,30968.0,30968.0,2.0
2026-09-21 16:02,30973.0,30973.0,30973.0,30973.0,1.0
2026-09-21 16:03,30986.0,30986.0,30986.0,30986.0,1.0
2026-09-21 16:07,30989.25,31006.25,30989.0,30998.5,18.0
2026-09-21 16:08,31003.25,31003.25,31003.25,31003.25,1.0
2026-09-21 16:11,31020.0,31020.0,31020.0,31020.0,1.0
2026-09-21 16:12,31009.75,31009.75,31009.75,31009.75,1.0
2026-09-21 16:14,31010.0,31010.0,31010.0,31010.0,1.0
2026-09-21 16:15,31017.5,31017.5,31017.5,31017.5,1.0
2026-09-21 16:17,31019.25,31019.25,31016.0,31016.0,4.0
2026-09-21 16:18,31009.75,31010.75,31009.5,31010.75,4.0
2026-09-21 16:20,31020.0,31020.0,31019.75,31019.75,2.0
2026-09-21 16:21,31018.0,31018.0,31014.0,31014.0,4.0
2026-09-21 16:22,31028.75,31028.75,31028.75,31028.75,1.0
2026-09-21 16:23,31029.0,31029.0,31029.0,31029.0,2.0
2026-09-21 16:28,31049.25,31049.25,31049.25,31049.25,1.0
2026-09-21 16:29,31040.0,31042.0,31040.0,31042.0,3.0
2026-09-21 16:32,31059.75,31059.75,31059.75,31059.75,1.0
2026-09-21 16:36,31054.75,31054.75,31054.75,31054.75,1.0
2026-09-21 16:38,31044.0,31044.0,31040.0,31040.0,9.0
2026-09-21 16:39,31033.25,31033.25,31033.25,31033.25,1.0
2026-09-21 16:40,31029.25,31029.25,31029.25,31029.25,1.0
2026-09-21 16:43,31042.25,31042.25,31041.5,31041.5,2.0
2026-09-21 16:45,31034.25,31041.0,31034.25,31041.0,3.0
2026-09-21 16:51,31035.0,31035.75,31034.5,31035.75,8.0
2026-09-21 16:52,31029.0,31029.0,31027.25,31027.25,2.0
2026-09-21 16:53,31033.0,31033.0,31033.0,31033.0,1.0
2026-09-21 16:57,31034.75,31034.75,31034.75,31034.75,1.0
2026-09-21 17:01,31049.75,31049.75,31047.25,31047.25,2.0
2026-09-21 17:06,31050.75,31050.75,31050.75,31050.75,1.0
2026-09-21 17:07,31049.25,31049.25,31047.5,31047.5,10.0
2026-09-21 17:11,31041.5,31041.5,31041.5,31041.5,2.0
2026-09-21 17:12,31043.25,31048.75,31043.25,31048.75,4.0
2026-09-21 17:13,31053.0,31053.0,31053.0,31053.0,1.0
2026-09-21 17:16,31050.75,31050.75,31050.75,31050.75,2.0
2026-09-21 17:23,31036.5,31036.5,31036.5,31036.5,5.0
2026-09-21 17:26,31032.0,31032.0,31032.0,31032.0,21.0
2026-09-21 17:27,31032.0,31032.0,31032.0,31032.0,46.0
2026-09-21 17:28,31040.25,31040.25,31040.25,31040.25,2.0
2026-09-21 17:29,31054.25,31054.25,31054.25,31054.25,1.0
2026-09-21 17:31,31057.25,31057.25,31043.0,31043.0,4.0
2026-09-21 17:43,31063.0,31063.0,31063.0,31063.0,1.0
2026-09-21 17:44,31080.0,31080.0,31080.0,31080.0,1.0
2026-09-21 17:45,31081.25,31085.0,31081.25,31085.0,3.0
2026-09-21 17:46,31087.25,31087.25,31087.25,31087.25,1.0
2026-09-21 17:47,31080.5,31081.0,31080.5,31081.0,2.0
2026-09-21 17:57,31076.5,31076.5,31076.5,31076.5,4.0
2026-09-21 17:58,31080.5,31080.5,31080.5,31080.5,1.0
2026-09-21 18:02,31086.0,31087.0,31086.0,31087.0,2.0
2026-09-21 18:03,31088.0,31088.0,31084.25,31084.75,3.0
2026-09-21 18:04,31087.0,31087.25,31087.0,31087.25,2.0
2026-09-21 18:07,31093.25,31093.25,31093.25,31093.25,1.0
2026-09-21 18:14,31100.0,31100.0,31100.0,31100.0,1.0
2026-09-21 18:33,31110.0,31110.0,31110.0,31110.0,2.0
2026-09-21 18:38,31121.0,31121.0,31121.0,31121.0,1.0
2026-09-21 19:00,31153.75,31153.75,31153.75,31153.75,1.0
2026-09-21 19:06,31140.0,31140.0,31140.0,31140.0,1.0
2026-09-21 19:17,31172.0,31172.0,31172.0,31172.0,1.0
2026-09-21 19:25,31172.0,31172.0,31172.0,31172.0,1.0
2026-09-21 19:28,31176.0,31176.0,31176.0,31176.0,1.0
2026-09-21 19:29,31171.75,31172.0,31171.75,31172.0,2.0
2026-09-21 19:38,31226.5,31236.25,31226.5,31236.25,11.0
2026-09-21 19:39,31229.0,31229.0,31229.0,31229.0,89.0
2026-09-21 19:40,31224.0,31224.0,31224.0,31224.0,1.0
2026-09-21 19:42,31200.0,31200.0,31200.0,31200.0,1.0
2026-09-21 19:45,31198.75,31198.75,31198.75,31198.75,1.0
2026-09-21 19:49,31196.25,31196.25,31196.25,31196.25,1.0
2026-09-21 19:51,31172.0,31173.5,31162.0,31162.0,12.0
2026-09-21 19:56,31167.5,31167.5,31166.25,31166.25,3.0
2026-09-21 19:58,31168.75,31168.75,31168.75,31168.75,2.0
2026-09-21 19:59,31159.5,31159.5,31148.0,31148.0,3.0
2026-09-21 20:00,31148.5,31148.5,31148.0,31148.0,13.0
2026-09-21 20:02,31147.75,31148.75,31147.75,31148.75,2.0
2026-09-21 20:03,31144.5,31144.5,31144.5,31144.5,1.0
2026-09-21 20:09,31153.75,31153.75,31153.75,31153.75,1.0
2026-09-21 20:10,31152.75,31152.75,31152.75,31152.75,1.0
2026-09-21 20:16,31139.75,31139.75,31139.75,31139.75,1.0
2026-09-21 20:18,31136.0,31138.5,31135.75,31138.5,3.0
2026-09-21 20:35,31140.75,31140.75,31140.75,31140.75,2.0
2026-09-21 20:38,31133.0,31133.0,31133.0,31133.0,5.0
2026-09-21 20:54,31141.75,31141.75,31141.75,31141.75,1.0
2026-09-21 22:00,31166.25,31166.25,31166.0,31166.0,2.0
2026-09-21 22:04,31168.0,31168.0,31168.0,31168.0,1.0
2026-09-21 22:33,31180.5,31180.5,31180.5,31180.5,1.0
2026-09-21 22:50,31198.25,31198.25,31198.25,31198.25,1.0
2026-09-22 00:10,31251.5,31251.5,31251.5,31251.5,2.0
2026-09-22 00:29,31267.0,31267.0,31267.0,31267.0,1.0
2026-09-22 00:33,31273.75,31273.75,31273.75,31273.75,1.0
2026-09-22 00:40,31251.25,31251.25,31251.25,31251.25,1.0
2026-09-22 00:48,31263.0,31263.0,31263.0,31263.0,1.0
2026-09-22 01:28,31250.0,31250.0,31250.0,31250.0,1.0
2026-09-22 01:29,31255.0,31255.0,31255.0,31255.0,1.0
2026-09-22 01:40,31260.0,31260.0,31260.0,31260.0,3.0
2026-09-22 01:46,31256.75,31256.75,31256.75,31256.75,1.0
2026-09-22 02:02,31262.0,31262.0,31262.0,31262.0,1.0
2026-09-22 04:02,31234.75,31234.75,31234.75,31234.75,1.0
2026-09-22 04:04,31230.5,31230.5,31230.5,31230.5,1.0
2026-09-22 04:16,31223.5,31223.5,31223.5,31223.5,1.0
2026-09-22 04:37,31205.5,31205.5,31205.5,31205.5,1.0
2026-09-22 04:49,31196.5,31196.5,31196.5,31196.5,3.0
2026-09-22 04:50,31190.75,31190.75,31190.75,31190.75,5.0
2026-09-22 05:47,31205.25,31205.25,31205.25,31205.25,1.0
2026-09-22 05:48,31206.5,31206.5,31203.25,31203.25,2.0
2026-09-22 06:05,31159.75,31168.25,31159.75,31168.25,2.0
2026-09-22 06:17,31150.0,31150.0,31150.0,31150.0,2.0
2026-09-22 06:21,31146.25,31146.25,31146.25,31146.25,1.0
2026-09-22 06:54,31152.25,31152.25,31152.25,31152.25,1.0
2026-09-22 06:59,31156.25,31156.25,31156.25,31156.25,1.0
2026-09-22 07:32,31146.0,31146.0,31146.0,31146.0,1.0
2026-09-22 07:34,31137.75,31137.75,31137.75,31137.75,1.0
2026-09-22 08:05,31107.0,31107.0,31107.0,31107.0,1.0
2026-09-22 08:18,31088.75,31088.75,31088.75,31088.75,1.0
2026-09-22 08:22,31076.25,31076.25,31073.75,31073.75,2.0
2026-09-22 08:25,31091.25,31091.25,31072.75,31072.75,2.0
2026-09-22 08:32,31068.75,31068.75,31068.75,31068.75,1.0
2026-09-22 08:34,31064.25,31064.5,31064.25,31064.5,2.0
2026-09-22 08:50,31146.5,31146.5,31146.5,31146.5,1.0
2026-09-22 08:54,31155.75,31160.75,31155.75,31160.75,2.0
2026-09-22 09:03,31155.25,31155.25,31155.25,31155.25,1.0
2026-09-22 09:04,31133.0,31134.25,31133.0,31134.25,2.0
2026-09-22 09:20,31139.0,31139.0,31139.0,31139.0,1.0
2026-09-22 09:41,31151.0,31151.0,31151.0,31151.0,1.0
2026-09-22 09:48,31161.75,31161.75,31161.75,31161.75,1.0
2026-09-22 09:51,31164.75,31164.75,31164.75,31164.75,1.0
2026-09-22 09:52,31177.25,31220.25,31177.0,31220.25,7.0
2026-09-22 09:53,31180.5,31199.75,31175.5,31198.75,8.0
2026-09-22 09:54,31191.0,31191.0,31185.75,31185.75,6.0
2026-09-22 09:55,31178.0,31179.25,31170.75,31179.25,4.0
2026-09-22 09:56,31209.75,31209.75,31197.25,31197.25,3.0
2026-09-22 09:57,31181.0,31181.0,31181.0,31181.0,1.0
2026-09-22 10:00,31200.5,31200.5,31194.25,31194.25,2.0
2026-09-22 10:01,31200.25,31200.25,31200.25,31200.25,1.0
2026-09-22 10:26,31176.5,31176.5,31176.5,31176.5,1.0
2026-09-22 10:31,31179.75,31179.75,31179.75,31179.75,1.0
2026-09-22 10:41,31183.25,31183.25,31183.25,31183.25,1.0
2026-09-22 10:42,31187.0,31187.0,31187.0,31187.0,1.0
2026-09-22 11:03,31170.25,31170.25,31170.25,31170.25,1.0
2026-09-22 11:09,31146.0,31146.0,31146.0,31146.0,1.0
2026-09-22 11:10,31148.75,31148.75,31148.75,31148.75,1.0
2026-09-22 11:12,31171.0,31171.0,31150.5,31150.5,4.0
2026-09-22 11:30,31150.0,31150.0,31150.0,31150.0,1.0
2026-09-22 11:42,31171.0,31171.0,31165.75,31165.75,2.0
2026-09-22 11:43,31162.75,31162.75,31162.75,31162.75,1.0
2026-09-22 11:44,31160.75,31160.75,31160.75,31160.75,1.0
2026-09-22 11:49,31157.75,31157.75,31157.75,31157.75,1.0
2026-09-22 11:55,31157.0,31157.0,31157.0,31157.0,1.0
2026-09-22 12:31,31149.25,31149.25,31149.25,31149.25,1.0
2026-09-22 12:38,31135.0,31135.0,31135.0,31135.0,2.0
2026-09-22 12:41,31143.5,31143.5,31143.5,31143.5,1.0
2026-09-22 13:06,31133.5,31133.5,31133.5,31133.5,1.0
2026-09-22 13:09,31138.25,31138.25,31138.25,31138.25,1.0
2026-09-22 13:28,31128.25,31128.25,31128.25,31128.25,1.0
2026-09-22 13:31,31193.0,31193.0,31193.0,31193.0,1.0
2026-09-22 13:32,31225.75,31227.0,31225.75,31227.0,4.0
2026-09-22 13:33,31235.75,31235.75,31228.75,31228.75,2.0
2026-09-22 13:35,31253.75,31253.75,31248.5,31248.5,3.0
2026-09-22 13:37,31255.0,31255.0,31255.0,31255.0,1.0
2026-09-22 13:40,31262.0,31262.0,31262.0,31262.0,1.0
2026-09-22 13:41,31261.25,31279.5,31260.25,31264.0,7.0
2026-09-22 13:44,31280.0,31280.0,31274.25,31274.5,4.0
2026-09-22 13:46,31285.0,31285.0,31264.5,31264.5,3.0
2026-09-22 13:47,31263.0,31263.0,31263.0,31263.0,1.0
2026-09-22 13:48,31271.5,31281.5,31264.75,31281.5,7.0
2026-09-22 13:50,31287.0,31303.0,31287.0,31303.0,2.0
2026-09-22 13:52,31305.0,31305.0,31305.0,31305.0,1.0
2026-09-22 13:55,31302.25,31302.25,31302.25,31302.25,1.0
2026-09-22 13:57,31280.0,31280.0,31280.0,31280.0,1.0
2026-09-22 13:59,31295.5,31295.5,31295.5,31295.5,1.0
2026-09-22 14:08,31290.0,31290.0,31290.0,31290.0,1.0
2026-09-22 14:10,31296.75,31296.75,31296.75,31296.75,1.0
2026-09-22 14:11,31308.5,31316.0,31308.5,31316.0,2.0
2026-09-22 14:12,31330.75,31330.75,31330.75,31330.75,1.0
2026-09-22 14:13,31334.0,31334.0,31334.0,31334.0,1.0
2026-09-22 14:15,31331.0,31331.0,31331.0,31331.0,1.0
2026-09-22 14:18,31322.75,31322.75,31309.5,31309.5,4.0
2026-09-22 14:19,31314.25,31314.25,31313.25,31313.25,2.0
2026-09-22 14:22,31316.75,31316.75,31316.75,31316.75,1.0
2026-09-22 14:26,31330.0,31330.0,31330.0,31330.0,2.0
2026-09-22 14:27,31329.25,31329.25,31327.0,31329.0,3.0
2026-09-22 14:30,31330.0,31330.0,31330.0,31330.0,1.0
2026-09-22 14:35,31348.0,31348.0,31333.25,31333.25,7.0
2026-09-22 14:37,31326.25,31326.25,31326.25,31326.25,1.0
2026-09-22 14:38,31321.0,31321.0,31321.0,31321.0,1.0
2026-09-22 14:39,31353.0,31353.0,31308.5,31308.5,5.0
2026-09-22 14:40,31315.25,31315.25,31315.25,31315.25,1.0
2026-09-22 14:41,31293.0,31293.0,31276.75,31276.75,4.0
2026-09-22 14:42,31280.5,31280.5,31271.75,31271.75,2.0
2026-09-22 14:43,31278.5,31278.5,31278.5,31278.5,1.0
2026-09-22 14:45,31281.25,31281.25,31281.25,31281.25,1.0
2026-09-22 14:47,31284.75,31284.75,31284.75,31284.75,1.0
2026-09-22 14:49,31307.25,31307.25,31307.25,31307.25,1.0
2026-09-22 14:50,31316.5,31316.5,31316.5,31316.5,1.0
2026-09-22 14:52,31295.25,31295.5,31294.75,31294.75,4.0
2026-09-22 14:54,31302.25,31304.0,31302.25,31304.0,2.0
2026-09-22 14:55,31307.0,31307.0,31307.0,31307.0,1.0
2026-09-22 14:56,31310.75,31310.75,31306.0,31306.0,3.0
2026-09-22 14:57,31303.25,31305.75,31302.0,31302.0,3.0
2026-09-22 15:04,31285.25,31285.25,31285.25,31285.25,1.0
2026-09-22 15:06,31295.5,31295.5,31289.5,31289.5,2.0
2026-09-22 15:07,31299.5,31299.5,31299.5,31299.5,1.0
2026-09-22 15:14,31287.0,31296.5,31287.0,31296.5,3.0
2026-09-22 15:40,31261.0,31261.0,31261.0,31261.0,1.0
2026-09-22 15:50,31279.25,31279.25,31279.25,31279.25,1.0
2026-09-22 15:51,31277.0,31277.0,31277.0,31277.0,1.0
2026-09-22 16:00,31287.25,31287.25,31287.25,31287.25,1.0
2026-09-22 16:04,31276.5,31276.5,31276.5,31276.5,1.0
2026-09-22 16:09,31302.25,31302.25,31302.25,31302.25,1.0
2026-09-22 16:14,31290.0,31293.5,31289.75,31293.5,5.0
2026-09-22 16:20,31279.75,31281.75,31275.5,31281.75,3.0
2026-09-22 16:22,31289.25,31289.25,31288.0,31288.0,2.0
2026-09-22 16:23,31292.0,31292.0,31292.0,31292.0,1.0
2026-09-22 16:33,31281.75,31281.75,31281.75,31281.75,1.0
2026-09-22 16:34,31280.75,31283.25,31280.75,31283.25,3.0
2026-09-22 16:39,31276.5,31276.5,31276.5,31276.5,1.0
2026-09-22 16:41,31273.25,31273.5,31273.25,31273.5,2.0
2026-09-22 16:44,31276.5,31276.5,31276.5,31276.5,1.0
2026-09-22 16:45,31284.25,31284.25,31284.25,31284.25,1.0
2026-09-22 16:47,31285.0,31285.0,31285.0,31285.0,1.0
2026-09-22 16:57,31305.25,31305.25,31305.25,31305.25,1.0
2026-09-22 17:20,31305.0,31305.0,31305.0,31305.0,2.0
2026-09-22 17:23,31305.75,31305.75,31305.75,31305.75,1.0
2026-09-22 17:35,31309.25,31309.25,31309.25,31309.25,1.0
2026-09-22 17:38,31302.5,31302.5,31302.5,31302.5,1.0
2026-09-22 17:50,31309.0,31309.0,31309.0,31309.0,1.0
2026-09-22 17:52,31320.75,31335.25,31320.75,31335.25,2.0
2026-09-22 17:53,31346.75,31346.75,31346.5,31346.5,2.0
2026-09-22 17:54,31350.5,31350.5,31350.5,31350.5,1.0
2026-09-22 17:57,31340.0,31340.0,31340.0,31340.0,2.0
2026-09-22 18:00,31342.5,31342.5,31342.25,31342.25,2.0
2026-09-22 18:03,31326.75,31326.75,31326.75,31326.75,1.0
2026-09-22 18:04,31330.5,31335.0,31330.5,31335.0,2.0
2026-09-22 18:05,31333.75,31333.75,31333.75,31333.75,1.0
2026-09-22 18:09,31350.0,31350.0,31350.0,31350.0,1.0
2026-09-22 18:16,31353.25,31353.25,31353.25,31353.25,1.0
2026-09-22 18:26,31370.0,31370.0,31370.0,31370.0,1.0
2026-09-22 18:27,31364.0,31364.0,31364.0,31364.0,1.0
2026-09-22 18:30,31363.0,31363.0,31363.0,31363.0,2.0
2026-09-22 18:31,31368.25,31368.25,31364.25,31364.25,2.0
2026-09-22 18:36,31342.0,31351.25,31342.0,31351.25,3.0
2026-09-22 18:38,31343.25,31343.25,31343.25,31343.25,1.0
2026-09-22 18:40,31341.25,31341.25,31340.5,31340.5,2.0
2026-09-22 18:48,31356.5,31356.5,31356.5,31356.5,1.0
2026-09-22 18:58,31347.0,31347.0,31347.0,31347.0,1.0
2026-09-22 19:08,31368.25,31368.25,31368.25,31368.25,1.0
2026-09-22 19:12,31372.75,31372.75,31372.75,31372.75,1.0
2026-09-22 19:17,31383.0,31383.0,31383.0,31383.0,2.0
2026-09-22 19:25,31384.0,31385.0,31384.0,31385.0,2.0
2026-09-22 19:34,31415.25,31419.0,31415.25,31419.0,2.0
2026-09-22 19:35,31420.0,31420.0,31420.0,31420.0,1.0
2026-09-22 19:36,31416.75,31416.75,31414.75,31414.75,2.0
2026-09-22 19:38,31411.25,31411.25,31411.25,31411.25,2.0
2026-09-22 19:43,31401.5,31401.5,31401.5,31401.5,2.0
2026-09-22 19:49,31419.0,31419.0,31419.0,31419.0,1.0
2026-09-22 19:50,31413.0,31417.75,31413.0,31417.75,2.0
2026-09-22 19:52,31431.0,31431.0,31431.0,31431.0,1.0
2026-09-22 19:54,31416.5,31416.5,31416.5,31416.5,1.0
2026-09-22 19:55,31402.25,31402.25,31402.25,31402.25,1.0
2026-09-22 19:59,31403.5,31403.5,31403.5,31403.5,1.0
2026-09-22 20:23,31375.0,31375.0,31375.0,31375.0,1.0
2026-09-22 20:51,31376.0,31376.0,31376.0,31376.0,1.0
2026-09-22 22:00,31386.25,31390.0,31386.25,31390.0,2.0
2026-09-22 23:00,31420.5,31420.5,31420.5,31420.5,1.0
2026-09-22 23:23,31430.0,31430.0,31430.0,31430.0,1.0
2026-09-22 23:57,31433.5,31433.5,31433.5,31433.5,1.0
2026-09-23 00:00,31432.75,31432.75,31432.75,31432.75,1.0
2026-09-23 00:02,31422.0,31422.0,31422.0,31422.0,1.0
2026-09-23 00:09,31418.0,31421.5,31418.0,31421.5,3.0
2026-09-23 00:17,31416.5,31416.5,31416.5,31416.5,1.0
2026-09-23 00:24,31419.75,31419.75,31419.75,31419.75,1.0
2026-09-23 00:49,31404.75,31404.75,31404.75,31404.75,1.0
2026-09-23 00:56,31390.25,31390.25,31390.25,31390.25,1.0
2026-09-23 01:30,31429.75,31429.75,31429.75,31429.75,1.0
2026-09-23 01:41,31389.5,31389.5,31389.5,31389.5,1.0
2026-09-23 01:42,31389.75,31389.75,31389.75,31389.75,1.0
2026-09-23 02:07,31379.5,31379.5,31379.5,31379.5,1.0
2026-09-23 02:10,31373.5,31373.5,31373.5,31373.5,1.0
2026-09-23 02:24,31378.5,31378.5,31378.5,31378.5,1.0
2026-09-23 02:31,31383.5,31383.5,31383.5,31383.5,1.0
2026-09-23 02:58,31381.0,31382.0,31381.0,31382.0,2.0
2026-09-23 03:00,31381.0,31381.0,31380.0,31380.0,2.0
2026-09-23 03:11,31379.0,31379.0,31379.0,31379.0,1.0
2026-09-23 03:14,31380.0,31380.0,31380.0,31380.0,1.0
2026-09-23 03:37,31380.5,31380.5,31380.5,31380.5,1.0
2026-09-23 03:42,31399.25,31399.25,31399.25,31399.25,1.0
2026-09-23 04:15,31409.5,31409.5,31409.5,31409.5,1.0
2026-09-23 04:20,31410.5,31410.5,31410.5,31410.5,2.0
2026-09-23 04:25,31417.25,31417.25,31417.25,31417.25,2.0
2026-09-23 04:31,31420.5,31422.0,31420.5,31422.0,3.0
2026-09-23 04:36,31424.75,31424.75,31424.75,31424.75,2.0
2026-09-23 04:43,31422.75,31423.0,31422.75,31423.0,2.0
2026-09-23 05:01,31402.0,31402.0,31402.0,31402.0,1.0
2026-09-23 05:17,31416.0,31416.0,31416.0,31416.0,1.0
2026-09-23 05:48,31414.5,31414.5,31414.5,31414.5,1.0
2026-09-23 05:49,31409.0,31414.5,31409.0,31414.5,5.0
2026-09-23 05:51,31404.5,31404.5,31404.25,31404.25,2.0
2026-09-23 05:53,31415.25,31416.25,31415.25,31416.25,2.0
2026-09-23 05:55,31409.5,31409.5,31409.5,31409.5,1.0
2026-09-23 05:56,31402.75,31402.75,31402.75,31402.75,1.0
2026-09-23 06:00,31411.75,31411.75,31411.75,31411.75,1.0
2026-09-23 06:05,31421.25,31421.25,31421.25,31421.25,1.0
2026-09-23 06:10,31420.0,31420.0,31420.0,31420.0,1.0
2026-09-23 06:14,31432.5,31432.5,31432.5,31432.5,1.0
2026-09-23 06:20,31428.0,31428.0,31428.0,31428.0,1.0
2026-09-23 06:48,31454.75,31454.75,31454.75,31454.75,1.0
2026-09-23 07:23,31403.75,31403.75,31403.75,31403.75,1.0
2026-09-23 08:35,31401.5,31401.5,31401.5,31401.5,1.0
2026-09-23 08:38,31389.5,31389.5,31386.75,31386.75,3.0
2026-09-23 08:43,31384.75,31384.75,31384.75,31384.75,1.0
2026-09-23 09:47,31382.75,31382.75,31382.75,31382.75,1.0
2026-09-23 09:54,31389.75,31389.75,31389.75,31389.75,1.0
2026-09-23 11:16,31383.0,31383.0,31383.0,31383.0,1.0
2026-09-23 11:20,31365.5,31366.75,31365.5,31366.75,2.0
2026-09-23 11:26,31328.25,31328.25,31328.25,31328.25,1.0
2026-09-23 11:31,31322.5,31322.5,31322.5,31322.5,1.0
2026-09-23 11:37,31301.0,31301.0,31301.0,31301.0,1.0
2026-09-23 11:38,31289.0,31289.0,31289.0,31289.0,1.0
2026-09-23 11:39,31301.5,31301.5,31301.5,31301.5,1.0
2026-09-23 11:44,31294.25,31294.25,31294.25,31294.25,1.0
2026-09-23 11:46,31324.0,31324.0,31322.25,31322.25,2.0
2026-09-23 11:47,31329.25,31329.25,31329.25,31329.25,1.0
2026-09-23 12:05,31317.75,31317.75,31317.75,31317.75,8.0
2026-09-23 12:06,31317.75,31317.75,31317.75,31317.75,18.0
2026-09-23 12:13,31301.5,31301.5,31301.5,31301.5,1.0
2026-09-23 12:17,31301.0,31301.0,31293.5,31293.5,4.0
2026-09-23 12:19,31305.0,31305.0,31305.0,31305.0,1.0
2026-09-23 12:22,31306.75,31306.75,31306.75,31306.75,1.0
2026-09-23 12:24,31310.25,31310.25,31310.25,31310.25,1.0
2026-09-23 12:31,31321.25,31321.25,31321.25,31321.25,1.0
2026-09-23 12:47,31336.25,31336.25,31336.25,31336.25,1.0
2026-09-23 13:06,31323.0,31323.0,31322.75,31322.75,30.0
2026-09-23 13:07,31320.0,31320.0,31320.0,31320.0,1.0
2026-09-23 13:11,31325.0,31325.0,31325.0,31325.0,1.0
2026-09-23 13:17,31337.0,31337.0,31337.0,31337.0,5.0
2026-09-23 13:27,31360.0,31360.0,31360.0,31360.0,1.0
2026-09-23 13:29,31372.0,31372.0,31372.0,31372.0,1.0
2026-09-23 13:30,31345.0,31345.0,31331.0,31331.0,4.0
2026-09-23 13:31,31331.0,31331.0,31321.75,31321.75,8.0
2026-09-23 13:32,31301.5,31301.5,31300.0,31300.0,11.0
2026-09-23 13:34,31300.0,31300.0,31300.0,31300.0,2.0
2026-09-23 13:35,31295.5,31295.5,31295.5,31295.5,10.0
2026-09-23 13:37,31289.0,31289.0,31289.0,31289.0,1.0
2026-09-23 13:38,31275.0,31275.0,31275.0,31275.0,1.0
2026-09-23 13:39,31283.0,31283.0,31283.0,31283.0,1.0
2026-09-23 13:42,31279.25,31279.25,31279.25,31279.25,1.0
2026-09-23 13:45,31280.5,31280.5,31280.5,31280.5,1.0
2026-09-23 13:46,31265.5,31265.5,31252.5,31252.5,3.0
2026-09-23 13:47,31254.75,31254.75,31254.75,31254.75,30.0
2026-09-23 13:49,31248.0,31257.0,31243.75,31257.0,18.0
2026-09-23 13:52,31216.5,31223.0,31216.5,31223.0,3.0
2026-09-23 13:54,31215.75,31215.75,31215.75,31215.75,1.0
2026-09-23 13:58,31227.5,31227.5,31227.5,31227.5,13.0
2026-09-23 13:59,31216.25,31216.25,31206.0,31206.0,11.0
2026-09-23 14:00,31230.75,31230.75,31230.75,31230.75,1.0
2026-09-23 14:01,31233.75,31233.75,31233.75,31233.75,1.0
2026-09-23 14:02,31217.75,31217.75,31196.25,31196.25,40.0
2026-09-23 14:03,31196.25,31196.25,31190.0,31190.0,9.0
2026-09-23 14:10,31136.75,31136.75,31132.5,31132.5,2.0
2026-09-23 14:11,31091.5,31110.5,31090.75,31110.5,15.0
2026-09-23 14:12,31110.5,31110.5,31095.0,31095.0,12.0
2026-09-23 14:13,31071.75,31089.25,31069.5,31083.25,75.0
2026-09-23 14:14,31081.25,31093.75,31081.25,31093.75,2.0
2026-09-23 14:15,31097.25,31104.5,31097.25,31104.5,3.0
2026-09-23 14:16,31105.25,31105.25,31093.75,31093.75,2.0
2026-09-23 14:17,31068.5,31068.5,31060.0,31060.0,4.0
2026-09-23 14:18,31052.0,31052.0,31050.25,31050.25,2.0
2026-09-23 14:19,31046.25,31046.25,31041.75,31041.75,3.0
2026-09-23 14:20,31030.0,31030.0,31030.0,31030.0,1.0
2026-09-23 14:21,31043.0,31043.0,31032.5,31032.5,2.0
2026-09-23 14:22,31020.0,31022.5,31020.0,31022.5,4.0
2026-09-23 14:24,31027.5,31032.0,31027.5,31032.0,3.0
2026-09-23 14:25,31044.25,31052.0,31033.5,31049.25,10.0
2026-09-23 14:26,31025.0,31027.25,31009.75,31009.75,12.0
2026-09-23 14:27,31035.0,31035.0,31034.75,31034.75,2.0
2026-09-23 14:28,31050.25,31050.25,31044.5,31044.5,3.0
2026-09-23 14:29,31041.75,31058.25,31041.5,31056.75,5.0
2026-09-23 14:30,31045.0,31050.75,31045.0,31050.75,4.0
2026-09-23 14:33,31076.75,31076.75,31076.75,31076.75,1.0
2026-09-23 14:34,31074.25,31088.25,31073.5,31088.25,3.0
2026-09-23 14:35,31087.25,31103.25,31087.25,31103.25,7.0
2026-09-23 14:37,31081.5,31089.75,31081.5,31089.75,2.0
2026-09-23 14:39,31063.25,31063.25,31063.25,31063.25,1.0
2026-09-23 14:40,31068.25,31068.25,31068.25,31068.25,1.0
2026-09-23 14:41,31075.75,31076.0,31075.75,31076.0,2.0
2026-09-23 14:42,31075.25,31075.25,31067.0,31067.0,2.0
2026-09-23 14:43,31065.0,31065.0,31065.0,31065.0,1.0
2026-09-23 14:44,31079.25,31089.25,31079.25,31089.25,3.0
2026-09-23 14:46,31103.75,31103.75,31103.75,31103.75,1.0
2026-09-23 14:47,31097.5,31097.5,31097.5,31097.5,1.0
2026-09-23 14:49,31106.0,31106.0,31106.0,31106.0,1.0
2026-09-23 14:51,31085.75,31128.5,31085.75,31119.75,8.0
2026-09-23 14:52,31112.25,31123.75,31112.25,31122.5,23.0
2026-09-23 14:53,31149.75,31168.0,31143.75,31168.0,52.0
2026-09-23 14:54,31172.5,31172.5,31172.5,31172.5,1.0
2026-09-23 14:55,31179.5,31179.5,31158.75,31164.75,11.0
2026-09-23 14:57,31186.25,31188.0,31186.25,31187.25,96.0
2026-09-23 14:58,31187.75,31187.75,31184.0,31184.0,3.0
2026-09-23 15:00,31195.75,31197.5,31192.0,31192.0,14.0
2026-09-23 15:02,31181.0,31181.0,31181.0,31181.0,1.0
2026-09-23 15:03,31175.75,31175.75,31170.75,31170.75,2.0
2026-09-23 15:05,31172.5,31172.5,31167.5,31167.5,3.0
2026-09-23 15:06,31165.25,31169.75,31164.5,31169.75,15.0
2026-09-23 15:07,31181.75,31181.75,31175.5,31175.5,7.0
2026-09-23 15:08,31184.75,31185.0,31184.75,31185.0,2.0
2026-09-23 15:09,31179.0,31179.0,31179.0,31179.0,1.0
2026-09-23 15:11,31163.25,31163.25,31162.0,31163.0,21.0
2026-09-23 15:12,31158.0,31170.5,31158.0,31170.5,2.0
2026-09-23 15:14,31161.0,31161.0,31161.0,31161.0,5.0
2026-09-23 15:15,31165.0,31165.0,31165.0,31165.0,3.0
2026-09-23 15:16,31165.0,31165.0,31158.5,31158.5,7.0
2026-09-23 15:17,31152.0,31152.0,31130.25,31130.25,66.0
2026-09-23 15:19,31144.5,31159.25,31144.5,31159.25,2.0
2026-09-23 15:22,31178.5,31188.75,31178.5,31188.75,2.0
2026-09-23 15:23,31181.25,31181.25,31181.25,31181.25,1.0
2026-09-23 15:24,31180.25,31180.25,31180.0,31180.0,2.0
2026-09-23 15:25,31181.75,31181.75,31181.75,31181.75,1.0
2026-09-23 15:28,31165.5,31165.5,31159.5,31159.5,3.0
2026-09-23 15:29,31151.0,31151.0,31145.0,31145.0,2.0
2026-09-23 15:30,31138.5,31146.0,31138.5,31146.0,8.0
2026-09-23 15:37,31136.0,31136.0,31136.0,31136.0,1.0
2026-09-23 15:39,31136.0,31136.0,31134.5,31134.5,6.0
2026-09-23 15:41,31128.0,31128.0,31126.5,31126.5,7.0
2026-09-23 15:44,31152.75,31152.75,31152.75,31152.75,1.0
2026-09-23 15:47,31141.75,31141.75,31126.5,31129.0,20.0
2026-09-23 15:48,31122.5,31122.5,31114.0,31114.5,27.0
2026-09-23 15:49,31107.5,31113.25,31107.5,31113.25,2.0
2026-09-23 15:50,31118.0,31118.0,31118.0,31118.0,1.0
2026-09-23 15:52,31111.0,31111.0,31111.0,31111.0,1.0
2026-09-23 15:54,31121.5,31121.5,31121.5,31121.5,1.0
2026-09-23 16:01,31104.75,31104.75,31104.75,31104.75,1.0
2026-09-23 16:04,31110.0,31110.0,31110.0,31110.0,1.0
2026-09-23 16:05,31108.5,31112.75,31108.5,31112.75,24.0
2026-09-23 16:06,31106.0,31106.0,31106.0,31106.0,1.0
2026-09-23 16:08,31117.0,31120.0,31117.0,31120.0,3.0
2026-09-23 16:09,31115.5,31115.5,31115.5,31115.5,1.0
2026-09-23 16:14,31110.25,31110.25,31110.25,31110.25,1.0
2026-09-23 16:16,31116.5,31116.5,31116.5,31116.5,1.0
2026-09-23 16:18,31104.75,31104.75,31104.75,31104.75,1.0
2026-09-23 16:21,31090.0,31090.0,31090.0,31090.0,1.0
2026-09-23 16:22,31094.5,31094.5,31094.5,31094.5,1.0
2026-09-23 16:23,31098.25,31098.25,31098.25,31098.25,1.0
2026-09-23 16:26,31093.0,31093.0,31093.0,31093.0,1.0
2026-09-23 16:28,31092.0,31092.0,31092.0,31092.0,5.0
2026-09-23 16:29,31096.75,31096.75,31096.75,31096.75,1.0
2026-09-23 16:32,31120.0,31120.0,31120.0,31120.0,1.0
2026-09-23 16:37,31105.5,31105.5,31105.5,31105.5,1.0
2026-09-23 16:38,31110.0,31110.0,31103.75,31103.75,2.0
2026-09-23 16:41,31082.5,31082.5,31082.5,31082.5,1.0
2026-09-23 16:45,31069.25,31073.0,31060.0,31073.0,10.0
2026-09-23 16:46,31075.5,31075.5,31075.5,31075.5,1.0
2026-09-23 16:47,31080.0,31080.0,31080.0,31080.0,1.0
2026-09-23 16:50,31057.75,31057.75,31057.75,31057.75,1.0
2026-09-23 16:51,31046.75,31046.75,31046.75,31046.75,1.0
2026-09-23 16:52,31046.5,31046.5,31046.5,31046.5,1.0
2026-09-23 16:57,31062.25,31062.25,31050.75,31050.75,2.0
2026-09-23 16:59,31060.75,31060.75,31060.75,31060.75,1.0
2026-09-23 17:02,31062.75,31062.75,31029.75,31029.75,6.0
2026-09-23 17:03,31023.0,31023.0,31023.0,31023.0,1.0
2026-09-23 17:08,31038.5,31038.5,31038.5,31038.5,1.0
2026-09-23 17:09,31049.5,31049.5,31049.5,31049.5,1.0
2026-09-23 17:10,31037.25,31037.25,31037.25,31037.25,1.0
2026-09-23 17:11,31045.25,31045.25,31027.0,31028.0,3.0
2026-09-23 17:12,31029.75,31031.25,31027.25,31027.25,4.0
2026-09-23 17:14,31041.25,31041.25,31041.25,31041.25,1.0
2026-09-23 17:16,31054.75,31054.75,31052.75,31053.75,32.0
2026-09-23 17:17,31053.0,31053.0,31053.0,31053.0,38.0
2026-09-23 17:18,31064.75,31066.25,31063.5,31066.25,39.0
2026-09-23 17:21,31080.75,31080.75,31080.75,31080.75,1.0
2026-09-23 17:24,31056.75,31056.75,31055.75,31055.75,2.0
2026-09-23 17:25,31056.25,31060.75,31056.25,31060.75,58.0
2026-09-23 17:27,31052.25,31052.25,31052.25,31052.25,20.0
2026-09-23 17:30,31043.5,31047.25,31043.5,31047.25,26.0
2026-09-23 17:31,31047.25,31047.25,31047.25,31047.25,6.0
2026-09-23 17:33,31065.0,31070.75,31065.0,31067.5,30.0
2026-09-23 17:37,31075.0,31075.0,31075.0,31075.0,1.0
2026-09-23 17:40,31065.0,31081.0,31059.0,31081.0,5.0
2026-09-23 17:41,31077.25,31087.0,31077.25,31082.5,5.0
2026-09-23 17:43,31110.0,31120.75,31110.0,31120.75,5.0
2026-09-23 17:44,31119.75,31119.75,31119.75,31119.75,1.0
2026-09-23 17:45,31121.75,31121.75,31121.75,31121.75,1.0
2026-09-23 17:54,31122.0,31122.0,31122.0,31122.0,1.0
2026-09-23 17:59,31143.5,31143.5,31143.5,31143.5,1.0
2026-09-23 18:00,31135.0,31135.0,31135.0,31135.0,1.0
2026-09-23 18:01,31130.75,31130.75,31130.75,31130.75,1.0
2026-09-23 18:02,31126.75,31126.75,31126.75,31126.75,1.0
2026-09-23 18:04,31107.75,31107.75,31107.75,31107.75,1.0
2026-09-23 18:13,31113.0,31113.0,31113.0,31113.0,1.0
2026-09-23 18:38,31102.25,31102.25,31101.75,31101.75,3.0
2026-09-23 18:42,31113.0,31113.0,31113.0,31113.0,1.0
2026-09-23 18:58,31133.75,31133.75,31133.75,31133.75,1.0
2026-09-23 18:59,31132.0,31132.0,31132.0,31132.0,2.0
2026-09-23 19:06,31125.5,31125.5,31125.5,31125.5,1.0
2026-09-23 19:07,31141.5,31149.5,31141.5,31149.5,2.0
2026-09-23 19:12,31139.5,31139.5,31139.5,31139.5,1.0
2026-09-23 19:13,31125.5,31125.5,31125.5,31125.5,1.0
2026-09-23 19:15,31122.5,31122.5,31122.5,31122.5,1.0
2026-09-23 19:17,31117.0,31118.75,31117.0,31118.75,3.0
2026-09-23 19:19,31124.25,31134.25,31124.25,31134.25,8.0
2026-09-23 19:21,31114.75,31121.0,31114.75,31121.0,2.0
2026-09-23 19:25,31123.5,31123.5,31123.5,31123.5,1.0
2026-09-23 19:27,31120.5,31120.5,31120.5,31120.5,1.0
2026-09-23 19:32,31134.5,31134.5,31134.5,31134.5,1.0
2026-09-23 19:33,31142.5,31142.5,31142.5,31142.5,1.0
2026-09-23 19:35,31138.5,31138.5,31138.5,31138.5,1.0
2026-09-23 19:36,31139.25,31139.25,31139.25,31139.25,2.0
2026-09-23 19:39,31139.25,31139.25,31139.25,31139.25,1.0
2026-09-23 19:40,31142.5,31142.5,31137.75,31137.75,2.0
2026-09-23 19:41,31135.0,31135.25,31135.0,31135.25,2.0
2026-09-23 19:47,31133.75,31133.75,31133.75,31133.75,1.0
2026-09-23 19:49,31135.75,31135.75,31133.5,31133.5,2.0
2026-09-23 19:50,31127.0,31127.0,31100.75,31101.0,7.0
2026-09-23 19:51,31101.0,31101.0,31098.25,31098.25,2.0
2026-09-23 19:52,31092.5,31095.75,31084.0,31084.0,3.0
2026-09-23 19:53,31097.0,31097.0,31096.0,31096.0,2.0
2026-09-23 19:54,31101.0,31101.0,31092.25,31092.25,34.0
2026-09-23 19:55,31095.25,31123.75,31095.25,31123.75,74.0
2026-09-23 19:56,31112.75,31112.75,31112.75,31112.75,1.0
2026-09-23 19:59,31131.75,31131.75,31131.75,31131.75,1.0
2026-09-23 20:07,31124.0,31124.0,31124.0,31124.0,1.0
2026-09-23 20:08,31122.5,31122.5,31122.5,31122.5,2.0
2026-09-23 22:00,31145.25,31145.25,31145.25,31145.25,1.0
2026-09-23 22:15,31180.0,31180.0,31180.0,31180.0,1.0
2026-09-23 22:28,31157.25,31157.25,31157.25,31157.25,1.0
2026-09-23 22:32,31158.0,31158.0,31158.0,31158.0,1.0
