n,date,signal_bar_close,side,entry_time,entry,stop,risk_points,exit_time,exit,exit_reason,net_r,worst_open_r,usd_at_risk
1,2018-09-27 Thu,03:00,long,03:00,7568.32,7559.8076,8.5124,03:30,7559.8076,stop,-1.13,-1.0,-565.2
2,2018-09-27 Thu,08:00,short,08:31,7578.81,7586.8756,8.0656,08:50,7586.8756,stop,-1.138,-1.0,-568.81
3,2018-10-01 Mon,09:45,long,09:45,7695.32,7685.5977,9.7223,10:46,7685.5977,stop,-1.114,-1.0,-557.09
4,2018-10-08 Mon,09:45,long,09:45,7384.01,7367.8072,16.2028,11:01,7367.8072,stop,-1.069,-1.0,-534.25
5,2018-10-09 Tue,07:15,short,07:15,7335.82,7347.0084,11.1884,08:53,7347.0084,stop,-1.099,-1.0,-549.6
6,2018-10-15 Mon,03:00,long,03:00,7103.91,7083.8197,20.0903,03:45,7083.8197,stop,-1.055,-1.0,-527.63
7,2018-10-16 Tue,10:15,short,10:17,7150.62,7170.9201,20.3001,10:51,7170.9201,stop,-1.055,-1.0,-527.34
8,2018-10-18 Thu,06:45,short,06:57,7260.11,7272.9748,12.8648,16:00,7114.569,session exit,11.227,-0.532,5613.41
9,2018-10-19 Fri,08:30,short,08:40,7161.109,7177.5378,16.4288,09:33,7177.5378,stop,-1.068,-1.0,-533.78
10,2018-10-26 Fri,02:15,long,02:15,6847.719,6817.5102,30.2088,04:40,6817.5102,stop,-1.037,-1.0,-518.37
11,2018-11-01 Thu,03:15,long,03:15,6962.02,6944.797,17.223,09:49,6944.797,stop,-1.064,-1.0,-532.22
12,2018-11-05 Mon,05:30,short,05:33,6965.52,6978.6047,13.0847,06:04,6978.6047,stop,-1.085,-1.0,-542.42
13,2018-11-12 Mon,02:45,long,02:49,7070.51,7055.7817,14.7283,03:28,7055.7817,stop,-1.075,-1.0,-537.68
14,2018-11-13 Tue,07:30,short,07:52,6877.009,6898.8701,21.8611,09:33,6898.8701,stop,-1.051,-1.0,-525.39
15,2018-11-14 Wed,06:45,long,06:48,6826.72,6803.6743,23.0457,06:57,6803.6743,stop,-1.048,-1.0,-524.08
16,2018-11-19 Mon,07:30,long,07:30,6861.02,6843.1515,17.8685,08:46,6843.1515,stop,-1.062,-1.0,-531.06
17,2018-11-21 Wed,09:45,short,09:50,6579.809,6606.7904,26.9814,10:00,6606.7904,stop,-1.041,-1.0,-520.57
18,2018-11-27 Tue,08:45,long,08:45,6630.72,6613.1731,17.5469,09:41,6613.1731,stop,-1.063,-1.0,-531.63
19,2018-11-28 Wed,09:45,short,09:45,6730.809,6744.1598,13.3508,09:48,6744.1598,stop,-1.083,-1.0,-541.57
20,2018-12-13 Thu,09:30,short,09:31,6796.019,6814.3283,18.3093,09:38,6814.3283,stop,-1.061,-1.0,-530.31
21,2018-12-18 Tue,05:45,short,05:46,6483.51,6502.777,19.267,06:42,6502.777,stop,-1.058,-1.0,-528.81
22,2018-12-19 Wed,09:45,long,09:47,6517.109,6499.6586,17.4504,14:00,6499.6586,stop,-1.064,-1.0,-531.8
23,2018-12-20 Thu,08:15,short,08:35,6339.009,6361.5568,22.5478,09:36,6361.5568,stop,-1.049,-1.0,-524.61
24,2018-12-21 Fri,06:45,long,06:45,6287.72,6265.9934,21.7266,07:00,6265.9934,stop,-1.051,-1.0,-525.54
25,2018-12-24 Mon,09:15,long,09:31,6021.01,5990.1316,30.8784,09:38,5990.1316,stop,-1.036,-1.0,-517.97
26,2018-12-28 Fri,08:15,short,08:18,6316.409,6341.0637,24.6547,14:12,6341.0637,stop,-1.045,-1.0,-522.51
27,2019-01-04 Fri,07:00,short,07:03,6258.12,6279.6702,21.5502,09:44,6279.6702,stop,-1.052,-1.0,-525.75
28,2019-01-08 Tue,05:00,short,05:00,6509.109,6525.0469,15.9379,05:56,6525.0469,stop,-1.07,-1.0,-534.82
29,2019-01-10 Thu,07:15,long,07:20,6558.22,6542.8081,15.4119,07:37,6542.8081,stop,-1.072,-1.0,-536.01
30,2019-01-14 Mon,07:00,long,07:00,6529.87,6517.6984,12.1716,09:34,6517.6984,stop,-1.091,-1.0,-545.6
31,2019-01-15 Tue,04:45,short,04:49,6559.219,6570.4867,11.2677,06:04,6570.4867,stop,-1.099,-1.0,-549.26
32,2019-01-16 Wed,08:30,short,08:30,6668.51,6678.6797,10.1697,09:03,6678.6797,stop,-1.109,-1.0,-554.57
33,2019-01-18 Fri,05:15,short,05:21,6729.01,6739.419,10.409,06:54,6739.419,stop,-1.107,-1.0,-553.32
34,2019-01-22 Tue,06:45,long,06:45,6717.72,6708.6361,9.0839,09:50,6708.6361,stop,-1.122,-1.0,-561.1
35,2019-01-25 Fri,06:45,short,07:01,6729.72,6742.1055,12.3855,08:33,6742.1055,stop,-1.09,-1.0,-544.81
36,2019-01-29 Tue,07:45,long,07:45,6699.019,6687.4556,11.5634,09:36,6687.4556,stop,-1.096,-1.0,-548.0
37,2019-02-04 Mon,04:15,long,04:29,6877.02,6865.72,11.3,08:37,6865.72,stop,-1.098,-1.0,-549.12
38,2019-02-07 Thu,04:00,long,04:00,6972.009,6964.1847,7.8243,05:15,6964.1847,stop,-1.142,-1.0,-570.93
39,2019-02-20 Wed,05:15,long,05:17,7060.509,7051.2221,9.2869,06:37,7051.2221,stop,-1.12,-1.0,-559.76
40,2019-02-20 Wed,07:00,long,07:00,7059.52,7050.5302,8.9898,12:27,7050.5302,stop,-1.123,-1.0,-561.74
41,2019-02-21 Thu,03:45,short,03:45,7074.919,7085.9648,11.0458,06:08,7085.9648,stop,-1.1,-1.0,-550.25
42,2019-02-22 Fri,04:30,short,04:44,7049.82,7059.4326,9.6126,05:48,7059.4326,stop,-1.115,-1.0,-557.74
43,2019-02-22 Fri,08:30,short,08:31,7057.81,7066.6517,8.8417,09:37,7066.6517,stop,-1.126,-1.0,-562.77
44,2019-02-28 Thu,07:00,long,07:02,7087.11,7079.1101,7.9999,16:00,7099.26,session exit,1.38,-0.968,690.01
45,2019-03-05 Tue,07:15,short,07:17,7138.82,7147.9874,9.1674,08:22,7147.9874,stop,-1.121,-1.0,-560.54
46,2019-03-20 Wed,03:15,long,03:55,7348.02,7340.9392,7.0808,07:05,7340.9392,stop,-1.157,-1.0,-578.38
47,2019-03-26 Tue,06:45,short,06:45,7351.61,7363.1467,11.5367,07:08,7363.1467,stop,-1.096,-1.0,-548.11
48,2019-03-27 Wed,09:45,short,09:45,7348.61,7363.8802,15.2702,09:51,7363.8802,stop,-1.073,-1.0,-536.35
49,2019-03-29 Fri,09:45,short,09:46,7357.71,7369.4228,11.7128,11:37,7369.4228,stop,-1.095,-1.0,-547.38
50,2019-04-02 Tue,09:00,short,09:02,7476.609,7483.1257,6.5167,09:39,7483.1257,stop,-1.17,-1.0,-585.17
51,2019-04-04 Thu,07:15,short,07:15,7543.61,7551.9532,8.3432,09:33,7551.9532,stop,-1.133,-1.0,-566.52
52,2019-04-09 Tue,02:15,short,02:15,7586.71,7592.3461,5.6361,04:44,7592.3461,stop,-1.197,-1.0,-598.47
53,2019-04-12 Fri,06:00,short,06:00,7621.509,7629.7265,8.2175,07:14,7629.7265,stop,-1.135,-1.0,-567.54
54,2019-04-15 Mon,02:45,short,02:46,7619.109,7623.9411,4.8321,05:25,7623.9411,stop,-1.23,-1.0,-614.86
55,2019-04-15 Mon,10:00,short,10:00,7616.209,7623.7891,7.5801,14:30,7623.7891,stop,-1.146,-1.0,-573.22
56,2019-04-17 Wed,09:45,short,09:54,7687.819,7695.9593,8.1403,16:00,7681.17,session exit,0.68,-0.866,340.22
57,2019-04-23 Tue,07:45,long,07:46,7713.11,7707.1442,5.9658,16:00,7808.87,session exit,15.865,-0.124,7932.7
58,2019-04-24 Wed,09:15,short,09:19,7812.109,7819.6881,7.5791,09:31,7819.6881,stop,-1.146,-1.0,-573.23
59,2019-04-29 Mon,08:45,short,08:45,7815.119,7822.6736,7.5546,09:15,7822.6736,stop,-1.147,-1.0,-573.47
60,2019-05-03 Fri,08:30,short,08:31,7765.51,7773.9952,8.4852,08:36,7773.9952,stop,-1.131,-1.0,-565.41
61,2019-05-07 Tue,09:00,short,09:00,7724.22,7739.4616,15.2416,09:39,7739.4616,stop,-1.073,-1.0,-536.41
62,2019-05-13 Mon,05:15,long,05:57,7481.42,7465.7717,15.6483,06:33,7465.7717,stop,-1.071,-1.0,-535.47
63,2019-05-15 Wed,04:15,long,04:27,7409.81,7396.8692,12.9408,05:43,7396.8692,stop,-1.086,-1.0,-542.89
64,2019-05-16 Thu,09:00,short,09:09,7510.62,7528.0229,17.4029,09:37,7528.0229,stop,-1.064,-1.0,-531.89
65,2019-05-17 Fri,06:45,short,06:46,7535.62,7552.345,16.725,09:47,7552.345,stop,-1.066,-1.0,-533.18
66,2019-05-22 Wed,03:45,short,03:55,7421.819,7433.6829,11.8639,04:41,7433.6829,stop,-1.094,-1.0,-546.78
67,2019-05-27 Mon,03:00,long,03:00,7313.82,7303.1041,10.7159,06:09,7303.1041,stop,-1.104,-1.0,-551.79
68,2019-05-27 Mon,08:30,long,08:34,7311.919,7302.5565,9.3625,10:09,7302.5565,stop,-1.119,-1.0,-559.28
69,2019-05-28 Tue,02:00,short,02:00,7338.809,7345.8153,7.0063,09:35,7345.8153,stop,-1.158,-1.0,-579.21
70,2019-06-10 Mon,07:00,short,07:00,7437.909,7447.8197,9.9107,07:08,7447.8197,stop,-1.112,-1.0,-556.0
71,2019-06-17 Mon,03:30,long,03:30,7496.22,7487.7354,8.4846,03:57,7487.7354,stop,-1.131,-1.0,-565.41
72,2019-06-17 Mon,04:15,long,04:18,7494.42,7485.0232,9.3968,06:12,7485.0232,stop,-1.118,-1.0,-559.06
73,2019-06-25 Tue,07:00,long,07:00,7711.32,7700.3856,10.9344,09:37,7700.3856,stop,-1.102,-1.0,-550.76
74,2019-06-26 Wed,08:30,short,08:34,7640.32,7652.6435,12.3235,09:31,7652.6435,stop,-1.09,-1.0,-545.04
75,2019-06-28 Fri,06:15,short,06:19,7668.319,7677.0341,8.7151,09:30,7677.0341,stop,-1.127,-1.0,-563.68
76,2019-07-05 Fri,03:15,short,03:18,7865.22,7870.1171,4.8971,16:00,7843.06,session exit,4.298,-0.398,2149.21
77,2019-07-11 Thu,06:15,short,06:17,7926.21,7935.82,9.61,16:00,7896.759,session exit,2.949,-0.88,1474.56
78,2019-07-12 Fri,03:30,long,03:30,7908.51,7900.9078,7.6022,10:44,7900.9078,stop,-1.146,-1.0,-573.01
79,2019-07-15 Mon,09:45,short,09:46,7944.209,7953.045,8.836,10:24,7953.045,stop,-1.126,-1.0,-562.81
80,2019-07-19 Fri,09:00,long,09:00,7946.32,7934.7291,11.5909,09:38,7934.7291,stop,-1.096,-1.0,-547.88
81,2019-07-26 Fri,05:00,long,05:11,7993.02,7984.9032,8.1168,08:24,7984.9032,stop,-1.137,-1.0,-568.38
82,2019-07-31 Wed,08:30,short,09:03,7977.309,7985.5846,8.2756,16:00,7846.559,session exit,15.665,-0.248,7832.63
83,2019-08-13 Tue,04:15,long,04:15,7547.12,7527.8872,19.2328,05:12,7527.8872,stop,-1.058,-1.0,-528.86
84,2019-08-15 Thu,05:00,short,05:00,7522.71,7546.7005,23.9905,08:02,7546.7005,stop,-1.046,-1.0,-523.13
85,2019-08-20 Tue,02:30,short,02:30,7726.02,7736.3425,10.3225,03:46,7736.3425,stop,-1.108,-1.0,-553.77
86,2019-08-20 Tue,04:00,short,04:03,7726.62,7738.7844,12.1644,16:00,7665.535,session exit,4.93,-0.892,2465.19
87,2019-09-06 Fri,08:30,short,08:30,7869.32,7880.9598,11.6398,08:40,7880.9598,stop,-1.095,-1.0,-547.68
88,2019-09-09 Mon,09:30,short,09:31,7873.01,7880.9141,7.9041,16:00,7833.96,session exit,4.8,-0.159,2400.01
89,2019-09-27 Fri,03:15,long,03:15,7776.209,7764.4217,11.7873,03:27,7764.4217,stop,-1.094,-1.0,-547.08
90,2019-09-27 Fri,07:15,short,07:24,7788.71,7800.7502,12.0402,16:00,7682.87,session exit,8.698,-0.296,4349.17
91,2019-10-07 Mon,10:00,long,10:06,7734.32,7718.8073,15.5127,16:00,7723.86,session exit,-0.746,-0.848,-372.92
92,2019-10-10 Thu,03:00,short,03:03,7679.219,7698.725,19.506,06:11,7698.725,stop,-1.057,-1.0,-528.45
93,2019-10-10 Thu,07:00,short,07:09,7675.91,7696.6393,20.7293,09:34,7696.6393,stop,-1.054,-1.0,-526.77
94,2019-10-14 Mon,04:30,long,04:37,7835.42,7822.0602,13.3598,05:21,7822.0602,stop,-1.083,-1.0,-541.54
95,2019-10-15 Tue,08:45,short,08:46,7865.12,7877.7287,12.6087,09:33,7877.7287,stop,-1.088,-1.0,-544.02
96,2019-10-18 Fri,08:30,short,08:46,7939.91,7948.8117,8.9017,16:00,7867.26,session exit,8.037,-0.759,4018.34
97,2019-11-06 Wed,03:00,long,03:00,8208.22,8202.4909,5.7291,04:50,8202.4909,stop,-1.194,-1.0,-596.87
98,2019-11-11 Mon,04:00,short,04:00,8222.11,8229.6486,7.5386,10:26,8229.6486,stop,-1.147,-1.0,-573.62
99,2019-11-14 Thu,03:15,short,03:17,8248.11,8258.9483,10.8383,05:04,8258.9483,stop,-1.102,-1.0,-551.21
100,2019-11-18 Mon,02:00,short,02:00,8312.11,8317.4817,5.3717,02:16,8317.4817,stop,-1.207,-1.0,-603.32
101,2019-11-20 Wed,02:45,short,03:03,8291.61,8301.5779,9.9679,06:57,8301.5779,stop,-1.111,-1.0,-555.68
102,2019-11-21 Thu,09:30,short,09:31,8267.609,8282.0156,14.4066,14:35,8282.0156,stop,-1.077,-1.0,-538.52
103,2019-12-09 Mon,06:15,short,06:16,8386.01,8392.9239,6.9139,09:31,8392.9239,stop,-1.161,-1.0,-580.27
104,2019-12-16 Mon,03:00,short,03:00,8515.71,8521.5993,5.8893,03:01,8521.5993,stop,-1.188,-1.0,-594.24
105,2019-12-23 Mon,04:00,short,04:00,8684.31,8688.75,4.44,04:17,8688.75,stop,-1.25,-1.0,-625.0
106,2019-12-24 Tue,05:00,short,05:34,8701.11,8705.55,4.44,06:46,8705.55,stop,-1.25,-1.0,-625.0
107,2019-12-26 Thu,06:30,short,06:30,8711.57,8716.01,4.44,08:29,8716.01,stop,-1.25,-1.0,-625.0
108,2019-12-30 Mon,06:45,long,07:00,8761.45,8753.8094,7.6406,09:33,8753.8094,stop,-1.145,-1.0,-572.64
109,2020-01-08 Wed,05:30,long,05:45,8840.05,8819.1991,20.8509,16:00,8911.1,session exit,3.354,-0.388,1677.15
110,2020-02-03 Mon,06:45,long,06:45,9042.05,9020.4917,21.5583,16:00,9124.15,session exit,3.757,-0.781,1878.39
111,2020-02-07 Fri,02:30,short,02:30,9429.75,9445.573,15.823,11:31,9445.573,stop,-1.07,-1.0,-535.08
112,2020-02-14 Fri,03:15,short,03:22,9624.43,9635.9859,11.5559,07:03,9635.9859,stop,-1.096,-1.0,-548.03
113,2020-02-19 Wed,04:45,short,05:06,9653.25,9664.4389,11.1889,07:14,9664.4389,stop,-1.099,-1.0,-549.6
114,2020-02-25 Tue,09:45,short,09:45,9113.23,9153.4538,40.2238,16:00,8834.04,session exit,6.913,-0.64,3456.66
115,2020-02-27 Thu,02:00,long,02:00,8766.75,8717.4952,49.2548,07:27,8717.4952,stop,-1.023,-1.0,-511.27
116,2020-03-04 Wed,07:15,long,07:32,8794.04,8756.453,37.587,08:05,8756.453,stop,-1.03,-1.0,-514.77
117,2020-03-11 Wed,09:15,long,09:17,8121.84,8057.0978,64.7422,12:43,8057.0978,stop,-1.017,-1.0,-508.57
118,2020-03-17 Tue,06:00,long,06:04,7142.64,7025.4195,117.2205,09:53,7025.4195,stop,-1.009,-1.0,-504.73
119,2020-03-18 Wed,11:00,short,11:03,7178.65,7293.6897,115.0397,16:00,7222.52,session exit,-0.391,-0.462,-195.5
120,2020-03-19 Thu,02:15,long,02:16,7120.47,6995.1062,125.3638,16:00,7286.29,session exit,1.314,-0.721,656.93
121,2020-03-24 Tue,04:30,short,04:32,7272.03,7349.3083,77.2783,05:38,7349.3083,stop,-1.014,-1.0,-507.18
122,2020-03-27 Fri,03:15,short,03:55,7722.65,7783.4929,60.8429,15:24,7783.4929,stop,-1.018,-1.0,-509.12
123,2020-03-30 Mon,08:00,long,08:19,7633.61,7572.9275,60.6825,16:00,7885.51,session exit,4.133,-0.151,2066.41
124,2020-04-02 Thu,08:00,long,08:00,7580.75,7546.2014,34.5486,08:30,7546.2014,stop,-1.032,-1.0,-516.06
125,2020-04-08 Wed,10:00,short,10:05,8075.54,8128.7872,53.2472,10:50,8128.7872,stop,-1.021,-1.0,-510.42
126,2020-04-16 Thu,04:30,short,04:31,8679.75,8716.2265,36.4765,10:58,8716.2265,stop,-1.03,-1.0,-515.22
127,2020-04-21 Tue,09:15,long,09:15,8629.86,8594.953,34.907,09:37,8594.953,stop,-1.032,-1.0,-515.9
128,2020-04-22 Wed,10:00,long,10:00,8592.52,8554.3239,38.1961,16:00,8661.24,session exit,1.77,-0.902,885.04
129,2020-04-29 Wed,02:15,short,02:23,8816.46,8846.1839,29.7239,08:30,8846.1839,stop,-1.037,-1.0,-518.67
130,2020-05-01 Fri,03:30,short,03:30,8752.45,8783.7713,31.3213,04:58,8783.7713,stop,-1.035,-1.0,-517.72
131,2020-05-05 Tue,08:45,short,09:02,8917.27,8945.4825,28.2125,09:32,8945.4825,stop,-1.039,-1.0,-519.67
132,2020-05-12 Tue,04:45,short,04:54,9273.94,9299.5881,25.6481,06:24,9299.5881,stop,-1.043,-1.0,-521.64
133,2020-05-25 Mon,05:45,short,05:51,9495.37,9513.4336,18.0636,06:48,9513.4336,stop,-1.061,-1.0,-530.72
134,2020-05-28 Thu,02:00,long,02:00,9435.07,9402.078,32.992,02:49,9402.078,stop,-1.034,-1.0,-516.82
135,2020-05-28 Thu,06:30,long,06:31,9398.13,9364.179,33.951,08:06,9364.179,stop,-1.033,-1.0,-516.35
136,2020-05-29 Fri,06:45,short,07:12,9434.62,9463.5229,28.9029,07:48,9463.5229,stop,-1.038,-1.0,-519.2
137,2020-06-01 Mon,04:00,short,04:00,9565.29,9591.2839,25.9939,12:45,9591.2839,stop,-1.043,-1.0,-521.35
138,2020-06-04 Thu,07:00,long,07:00,9671.04,9653.206,17.834,08:34,9653.206,stop,-1.062,-1.0,-531.12
139,2020-06-05 Fri,06:45,long,07:01,9660.97,9641.1072,19.8628,08:01,9641.1072,stop,-1.056,-1.0,-527.94
140,2020-06-09 Tue,06:00,short,06:14,9822.63,9844.4431,21.8131,06:59,9844.4431,stop,-1.051,-1.0,-525.44
141,2020-06-15 Mon,08:30,long,08:30,9527.15,9481.5638,45.5862,16:00,9778.57,session exit,5.491,-0.91,2745.46
142,2020-06-18 Thu,02:30,long,02:30,9988.02,9956.0495,31.9705,07:55,9956.0495,stop,-1.035,-1.0,-517.36
143,2020-06-22 Mon,07:00,short,07:04,10002.69,10026.2085,23.5185,08:00,10026.2085,stop,-1.047,-1.0,-523.6
144,2020-06-24 Wed,09:00,long,09:31,10194.34,10168.6439,25.6961,09:50,10168.6439,stop,-1.043,-1.0,-521.6
145,2020-07-03 Fri,05:30,short,05:40,10378.26,10393.9675,15.7075,12:59,10339.12,session exit,2.421,-0.136,1210.57
146,2020-07-08 Wed,04:30,long,04:35,10581.06,10557.9586,23.1014,05:14,10557.9586,stop,-1.048,-1.0,-524.02
147,2020-07-08 Wed,06:00,long,06:08,10547.27,10521.2904,25.9796,16:00,10666.72,session exit,4.555,-0.875,2277.56
148,2020-07-15 Wed,11:00,short,11:00,10713.02,10764.2871,51.2671,16:00,10700.91,session exit,0.215,-0.201,107.28
149,2020-07-23 Thu,07:30,short,07:51,10882.22,10907.9313,25.7113,16:00,10585.13,session exit,11.512,-0.376,5755.84
150,2020-08-03 Mon,03:15,short,03:15,10928.74,10951.7308,22.9908,04:02,10951.7308,stop,-1.048,-1.0,-524.14
151,2020-08-10 Mon,10:00,short,10:01,11072.97,11098.7387,25.7687,13:06,11098.7387,stop,-1.043,-1.0,-521.54
152,2020-08-12 Wed,02:45,long,02:46,10960.32,10931.7707,28.5493,16:00,11153.6,session exit,6.731,-0.663,3365.58
153,2020-08-14 Fri,03:00,short,03:00,11217.17,11234.7598,17.5898,16:00,11165.06,session exit,2.899,-0.297,1449.7
154,2020-08-18 Tue,09:30,short,10:07,11326.64,11342.8056,16.1656,10:07,11342.8056,stop,-1.069,-1.0,-534.33
155,2020-08-19 Wed,06:00,short,06:08,11423.77,11436.7108,12.9408,12:01,11436.7108,stop,-1.086,-1.0,-542.89
156,2020-08-27 Thu,05:00,short,05:04,11959.6,11977.9326,18.3326,07:36,11977.9326,stop,-1.061,-1.0,-530.27
157,2020-08-28 Fri,10:15,short,10:33,11978.09,12011.3808,33.2908,15:41,12011.3808,stop,-1.033,-1.0,-516.67
158,2020-08-31 Mon,09:00,short,09:01,12003.75,12025.0192,21.2692,09:29,12025.0192,stop,-1.052,-1.0,-526.09
159,2020-09-03 Thu,04:00,short,04:00,12381.07,12408.8209,27.7509,16:00,11784.03,session exit,21.474,-0.434,10737.12
160,2020-09-18 Fri,09:30,short,09:31,11123.61,11158.7582,35.1482,16:00,10932.57,session exit,5.404,-0.353,2701.84
161,2020-09-22 Tue,03:00,long,03:00,10956.44,10919.5508,36.8892,03:18,10919.5508,stop,-1.03,-1.0,-515.05
162,2020-09-29 Tue,05:30,short,05:30,11363.3,11392.7235,29.4235,06:13,11392.7235,stop,-1.038,-1.0,-518.86
163,2020-10-07 Wed,10:45,long,10:50,11414.9,11378.462,36.438,16:00,11495.84,session exit,2.191,-0.2,1095.42
164,2020-10-09 Fri,02:45,short,02:45,11578.69,11594.2731,15.5831,04:54,11594.2731,stop,-1.071,-1.0,-535.62
165,2020-10-09 Fri,05:45,short,06:01,11580.67,11596.4563,15.7863,07:33,11598.82,stop,-1.22,-1.15,-610.02
166,2020-10-19 Mon,10:00,short,10:00,11883.63,11916.1544,32.5244,16:00,11641.8,session exit,7.401,-0.137,3700.61
167,2020-10-20 Tue,07:15,short,07:15,11742.56,11768.8703,26.3103,13:14,11768.8703,stop,-1.042,-1.0,-521.09
168,2020-10-21 Wed,03:00,short,03:00,11729.88,11756.3818,26.5018,09:48,11756.3818,stop,-1.042,-1.0,-520.94
169,2020-10-26 Mon,04:15,long,04:15,11585.239,11561.5265,23.7125,10:56,11561.5265,stop,-1.047,-1.0,-523.41
170,2020-10-27 Tue,07:45,long,07:54,11568.449,11543.5093,24.9397,09:01,11543.5093,stop,-1.045,-1.0,-522.25
171,2020-10-28 Wed,04:00,long,04:00,11529.299,11506.4531,22.8459,04:12,11506.4531,stop,-1.049,-1.0,-524.29
172,2020-11-02 Mon,10:30,short,10:31,11172.659,11221.927,49.268,16:00,11082.389,session exit,1.81,-0.181,904.85
173,2020-11-03 Tue,08:15,long,08:20,11148.159,11118.3095,29.8495,09:34,11118.3095,stop,-1.037,-1.0,-518.59
174,2020-11-11 Wed,04:15,short,04:15,11719.169,11773.3021,54.1331,06:01,11773.3021,stop,-1.021,-1.0,-510.25
175,2020-11-13 Fri,10:00,short,10:00,11884.179,11914.1448,29.9658,15:22,11914.1448,stop,-1.037,-1.0,-518.52
176,2020-11-18 Wed,02:15,long,02:29,11942.369,11920.143,22.226,09:56,11920.143,stop,-1.05,-1.0,-524.97
177,2020-12-07 Mon,07:30,short,07:31,12512.599,12528.4607,15.8617,08:28,12528.4607,stop,-1.07,-1.0,-534.99
178,2020-12-14 Mon,08:15,short,08:15,12407.289,12425.0505,17.7615,08:57,12425.0505,stop,-1.062,-1.0,-531.25
179,2020-12-18 Fri,04:30,short,04:30,12745.789,12760.3114,14.5224,07:42,12760.3114,stop,-1.076,-1.0,-538.22
180,2020-12-22 Tue,06:15,short,06:47,12725.459,12747.3294,21.8704,07:07,12747.3294,stop,-1.051,-1.0,-525.38
181,2021-01-07 Thu,04:00,long,04:04,12701.499,12668.8853,32.6137,16:00,12935.589,session exit,7.144,-0.908,3571.82
182,2021-01-11 Mon,04:15,short,04:39,13046.069,13073.4968,27.4278,16:00,12908.689,session exit,4.968,-0.686,2484.16
183,2021-01-15 Fri,03:15,long,03:57,12898.649,12872.8346,25.8144,05:23,12872.8346,stop,-1.043,-1.0,-521.5
184,2021-01-19 Tue,09:15,long,09:15,12911.649,12895.371,16.278,09:47,12895.371,stop,-1.068,-1.0,-534.1
185,2021-01-26 Tue,09:45,short,09:45,13444.249,13473.242,28.993,09:54,13473.242,stop,-1.038,-1.0,-519.14
186,2021-02-01 Mon,02:30,long,02:30,13018.739,12972.7831,45.9559,16:00,13243.049,session exit,4.857,-0.835,2428.42
187,2021-02-04 Thu,02:00,long,02:00,13435.649,13405.7305,29.9185,10:04,13405.7305,stop,-1.037,-1.0,-518.55
188,2021-02-09 Tue,04:15,short,04:20,13668.999,13681.5161,12.5171,07:19,13681.5161,stop,-1.089,-1.0,-544.34
189,2021-02-11 Thu,10:45,long,10:45,13733.349,13705.8046,27.5444,10:59,13705.8046,stop,-1.04,-1.0,-520.15
190,2021-02-23 Tue,02:00,long,02:01,13307.149,13280.0693,27.0797,03:05,13280.0693,stop,-1.041,-1.0,-520.5
191,2021-03-09 Tue,02:30,long,02:31,12434.739,12389.3383,45.4007,16:00,12789.789,session exit,7.796,-0.163,3897.96
192,2021-03-11 Thu,05:15,short,05:15,12965.219,13001.5543,36.3353,05:51,13001.5543,stop,-1.031,-1.0,-515.27
193,2021-03-11 Thu,07:00,short,07:00,12971.139,13006.9305,35.7915,07:51,13006.9305,stop,-1.031,-1.0,-515.51
194,2021-03-17 Wed,06:30,long,06:30,13115.059,13095.1627,19.8963,06:59,13095.1627,stop,-1.056,-1.0,-527.89
195,2021-03-31 Wed,09:00,short,09:00,12975.059,12998.282,23.223,09:35,12998.282,stop,-1.048,-1.0,-523.9
196,2021-04-07 Wed,04:15,short,04:15,13591.329,13610.5301,19.2011,10:11,13610.5301,stop,-1.058,-1.0,-528.9
197,2021-04-09 Fri,02:30,short,02:30,13743.409,13763.9511,20.5421,11:51,13763.9511,stop,-1.054,-1.0,-527.02
198,2021-04-13 Tue,05:45,short,06:19,13811.109,13826.0523,14.9433,08:08,13826.0523,stop,-1.074,-1.0,-537.14
199,2021-04-19 Mon,03:30,short,04:11,14038.559,14052.4426,13.8836,16:00,13910.929,session exit,9.113,-0.248,4556.44
200,2021-05-06 Thu,09:15,long,09:15,13494.299,13464.6632,29.6358,09:31,13464.6632,stop,-1.037,-1.0,-518.73
201,2021-05-10 Mon,08:15,long,08:15,13674.949,13649.6059,25.3431,09:18,13649.6059,stop,-1.044,-1.0,-521.9
202,2021-05-20 Thu,02:15,long,02:15,13238.347,13211.0892,27.2578,02:56,13211.0892,stop,-1.041,-1.0,-520.36
203,2021-05-28 Fri,08:15,short,08:25,13698.739,13713.046,14.307,09:30,13713.046,stop,-1.078,-1.0,-538.79
204,2021-06-02 Wed,05:30,long,05:30,13635.549,13617.4275,18.1215,13:48,13617.4275,stop,-1.061,-1.0,-530.63
205,2021-06-03 Thu,02:15,short,02:15,13684.779,13696.4737,11.6947,16:00,13530.539,session exit,13.094,-0.198,6546.99
206,2021-06-07 Mon,07:15,long,07:15,13735.819,13714.6833,21.1357,10:19,13714.6833,stop,-1.053,-1.0,-526.26
207,2021-06-11 Fri,04:00,short,04:00,13951.719,13964.1997,12.4807,04:53,13964.1997,stop,-1.089,-1.0,-544.47
208,2021-06-11 Fri,05:45,short,05:46,13953.339,13966.5217,13.1827,06:29,13966.5217,stop,-1.084,-1.0,-542.1
209,2021-06-18 Fri,02:45,short,02:49,14193.569,14208.112,14.543,16:00,14051.309,session exit,9.706,-0.668,4852.84
210,2021-07-08 Thu,02:45,short,02:45,14775.509,14791.7282,16.2192,16:00,14732.469,session exit,2.585,-0.356,1292.61
211,2021-07-09 Fri,08:30,short,08:32,14726.449,14755.1563,28.7073,10:49,14755.1563,stop,-1.039,-1.0,-519.33
212,2021-07-14 Wed,06:00,short,06:00,14920.499,14944.6764,24.1774,07:58,14944.6764,stop,-1.046,-1.0,-522.96
213,2021-07-15 Thu,06:15,short,06:15,14926.269,14948.4955,22.2265,16:00,14797.317,session exit,5.752,-0.483,2875.89
214,2021-07-16 Fri,06:45,long,06:45,14815.247,14792.8848,22.3622,10:10,14792.8848,stop,-1.05,-1.0,-524.82
215,2021-07-20 Tue,06:15,long,06:20,14624.959,14598.0306,26.9284,07:49,14598.0306,stop,-1.041,-1.0,-520.61
216,2021-07-21 Wed,09:00,long,09:00,14712.439,14687.3283,25.1107,16:00,14839.197,session exit,5.004,-0.519,2501.88
217,2021-07-28 Wed,06:15,short,06:15,14967.409,14992.1591,24.7501,07:10,14992.1591,stop,-1.045,-1.0,-522.42
218,2021-08-03 Tue,02:30,short,03:10,14989.729,15004.7213,14.9923,09:30,15004.7213,stop,-1.074,-1.0,-537.02
219,2021-08-05 Thu,07:00,short,07:03,15114.089,15127.0213,12.9323,07:36,15127.0213,stop,-1.086,-1.0,-542.92
220,2021-08-10 Tue,04:15,short,04:16,15143.909,15155.1428,11.2338,05:40,15155.1428,stop,-1.099,-1.0,-549.4
221,2021-08-16 Mon,02:45,short,03:06,15095.279,15105.4146,10.1356,03:12,15105.4146,stop,-1.11,-1.0,-554.76
222,2021-08-20 Fri,04:00,long,04:00,14874.247,14847.5668,26.6802,16:00,15084.629,session exit,7.844,-0.458,3921.86
223,2021-08-24 Tue,08:30,short,08:38,15312.429,15328.0852,15.6562,08:59,15328.0852,stop,-1.071,-1.0,-535.45
224,2021-08-25 Wed,05:15,short,05:34,15372.269,15384.6272,12.3582,09:31,15384.6272,stop,-1.09,-1.0,-544.91
225,2021-08-27 Fri,03:30,long,03:32,15335.359,15320.867,14.492,04:11,15320.867,stop,-1.077,-1.0,-538.3
226,2021-08-30 Mon,07:00,short,07:00,15446.419,15455.8223,9.4033,09:26,15455.8223,stop,-1.118,-1.0,-559.02
227,2021-09-01 Wed,05:00,short,05:05,15606.259,15620.6103,14.3513,06:53,15620.6103,stop,-1.077,-1.0,-538.67
228,2021-09-02 Thu,04:00,long,04:00,15633.739,15621.9142,11.8248,10:19,15621.9142,stop,-1.094,-1.0,-546.94
229,2021-09-08 Wed,09:15,short,09:20,15661.959,15679.5024,17.5434,16:00,15622.349,session exit,2.195,-0.344,1097.28
230,2021-09-09 Thu,04:00,long,04:03,15590.399,15569.651,20.748,13:26,15569.651,stop,-1.053,-1.0,-526.75
231,2021-09-10 Fri,05:00,short,05:11,15614.939,15628.0275,13.0885,07:18,15628.0275,stop,-1.085,-1.0,-542.4
232,2021-09-10 Fri,08:30,short,08:47,15625.629,15637.4411,11.8121,09:29,15637.4411,stop,-1.094,-1.0,-546.99
233,2021-09-14 Tue,02:45,short,02:55,15430.889,15447.5713,16.6823,08:30,15447.5713,stop,-1.067,-1.0,-533.27
234,2021-09-15 Wed,08:45,long,09:15,15419.699,15402.8925,16.8065,09:27,15402.8925,stop,-1.066,-1.0,-533.02
235,2021-09-15 Wed,09:30,short,09:32,15400.969,15418.2727,17.3037,09:32,15418.2727,stop,-1.064,-1.0,-532.07
236,2021-09-17 Fri,07:00,long,07:04,15482.549,15464.663,17.886,09:30,15464.663,stop,-1.062,-1.0,-531.03
237,2021-09-21 Tue,04:30,short,05:08,15141.399,15172.8347,31.4357,16:00,15028.579,session exit,3.554,-0.146,1776.8
238,2021-09-30 Thu,04:00,short,04:14,14862.009,14895.0418,33.0328,16:00,14687.379,session exit,5.253,-0.842,2626.48
239,2021-10-08 Fri,06:30,long,06:32,14890.229,14863.4031,26.8259,09:37,14863.4031,stop,-1.041,-1.0,-520.69
240,2021-10-12 Tue,08:15,long,08:15,14759.749,14730.4889,29.2601,09:32,14730.4889,stop,-1.038,-1.0,-518.97
241,2021-10-25 Mon,03:15,short,03:16,15381.749,15398.7073,16.9583,04:06,15398.7073,stop,-1.065,-1.0,-532.73
242,2021-11-02 Tue,05:45,short,05:46,15865.069,15882.513,17.444,07:33,15882.513,stop,-1.064,-1.0,-531.82
243,2021-11-03 Wed,05:45,short,06:20,15984.089,15997.3407,13.2517,08:02,15997.3407,stop,-1.084,-1.0,-541.88
244,2021-11-22 Mon,03:45,short,03:45,16620.759,16635.5917,14.8327,04:04,16635.5917,stop,-1.075,-1.0,-537.42
245,2021-12-01 Wed,10:30,short,10:40,16303.979,16348.5453,44.5663,10:46,16348.5453,stop,-1.025,-1.0,-512.45
246,2021-12-03 Fri,09:30,short,09:30,16031.739,16080.0215,48.2825,09:32,16080.0215,stop,-1.023,-1.0,-511.49
247,2021-12-15 Wed,08:45,short,08:57,15909.359,15944.9179,35.5589,14:05,15944.9179,stop,-1.031,-1.0,-515.61
248,2021-12-31 Fri,04:00,short,04:01,16418.469,16435.7541,17.2851,08:37,16435.7541,stop,-1.064,-1.0,-532.11
249,2022-01-07 Fri,02:00,short,02:00,15770.709,15801.6365,30.9275,05:27,15801.6365,stop,-1.036,-1.0,-517.95
250,2022-02-07 Mon,10:15,short,10:15,14718.659,14781.0248,62.3658,10:37,14781.0248,stop,-1.018,-1.0,-508.9
251,2022-02-16 Wed,05:00,short,05:00,14606.319,14641.696,35.377,15:04,14641.696,stop,-1.031,-1.0,-515.69
252,2022-02-23 Wed,06:45,short,06:46,13989.909,14031.5778,41.6688,07:39,14031.5778,stop,-1.027,-1.0,-513.32
253,2022-02-25 Fri,09:00,short,09:00,14036.379,14114.0015,77.6225,11:14,14114.0015,stop,-1.014,-1.0,-507.15
254,2022-03-01 Tue,09:15,short,09:19,14167.579,14227.1084,59.5294,09:35,14227.1084,stop,-1.019,-1.0,-509.32
255,2022-03-02 Wed,08:15,short,08:16,14045.359,14103.8176,58.4586,09:43,14103.8176,stop,-1.019,-1.0,-509.49
256,2022-03-03 Thu,07:15,long,07:15,14213.879,14176.5031,37.3759,10:16,14176.5031,stop,-1.03,-1.0,-514.85
257,2022-03-04 Fri,03:00,long,03:00,13976.419,13918.3563,58.0627,04:04,13918.3563,stop,-1.019,-1.0,-509.56
258,2022-03-09 Wed,11:15,short,11:15,13598.059,13684.0163,85.9573,12:01,13684.0163,stop,-1.013,-1.0,-506.46
259,2022-03-11 Fri,06:15,short,06:18,13642.479,13690.8229,48.3439,06:23,13690.8229,stop,-1.023,-1.0,-511.48
260,2022-03-16 Wed,09:45,long,09:45,13720.039,13669.0965,50.9425,13:11,13669.0965,stop,-1.022,-1.0,-510.89
261,2022-03-18 Fri,07:15,short,07:28,13985.289,14018.7809,33.4919,08:28,14018.7809,stop,-1.033,-1.0,-516.57
262,2022-03-24 Thu,08:45,long,08:46,14536.229,14499.7933,36.4357,09:31,14499.7933,stop,-1.03,-1.0,-515.23
263,2022-03-30 Wed,03:15,short,03:18,15177.609,15204.9996,27.3906,10:14,15204.9996,stop,-1.041,-1.0,-520.26
264,2022-03-31 Thu,02:00,long,02:01,15134.847,15115.2832,19.5638,02:37,15115.2832,stop,-1.057,-1.0,-528.37
265,2022-03-31 Thu,03:00,long,03:00,15134.279,15113.895,20.384,06:19,15113.895,stop,-1.054,-1.0,-527.23
266,2022-04-05 Tue,05:00,short,05:00,15151.879,15172.5305,20.6515,16:00,14825.669,session exit,15.742,-0.287,7871.09
267,2022-04-20 Wed,09:15,short,09:21,14247.379,14288.8751,41.4961,16:00,14002.027,session exit,5.886,-0.463,2942.95
268,2022-04-22 Fri,03:30,short,03:30,13661.849,13708.2538,46.4048,03:47,13708.2538,stop,-1.024,-1.0,-511.96
269,2022-05-09 Mon,02:45,long,02:46,12598.539,12559.3462,39.1928,03:24,12559.3462,stop,-1.028,-1.0,-514.16
270,2022-05-11 Wed,08:00,short,08:15,12505.959,12544.3393,38.3803,16:00,11972.399,session exit,13.873,-0.556,6936.51
271,2022-05-18 Wed,05:45,long,05:46,12491.439,12459.2177,32.2213,07:04,12459.2177,stop,-1.034,-1.0,-517.22
272,2022-06-03 Fri,06:15,short,06:15,12803.559,12830.9449,27.3859,16:00,12550.719,session exit,9.192,-0.585,4595.97
273,2022-06-10 Fri,04:15,long,04:18,12321.449,12280.7159,40.7331,06:27,12280.7159,stop,-1.027,-1.0,-513.63
274,2022-06-15 Wed,05:00,short,05:00,11388.869,11431.8721,43.0031,07:31,11431.8721,stop,-1.026,-1.0,-512.91
275,2022-06-17 Fri,05:15,long,05:36,11263.959,11215.1404,48.8186,08:48,11215.1404,stop,-1.023,-1.0,-511.37
276,2022-06-29 Wed,07:30,long,07:30,11604.537,11569.3915,35.1455,09:33,11569.3915,stop,-1.032,-1.0,-515.79
277,2022-07-11 Mon,08:15,long,08:21,12028.539,12000.0073,28.5317,09:30,12000.0073,stop,-1.039,-1.0,-519.45
278,2022-07-21 Thu,06:45,short,06:45,12443.139,12475.2889,32.1499,08:20,12475.2889,stop,-1.035,-1.0,-517.26
279,2022-07-27 Wed,02:30,short,02:30,12256.069,12276.8079,20.7389,03:40,12276.8079,stop,-1.054,-1.0,-526.76
280,2022-08-02 Tue,09:45,long,09:45,12919.559,12879.5656,39.9934,09:45,12879.5656,stop,-1.028,-1.0,-513.88
281,2022-08-08 Mon,09:15,short,09:30,13227.009,13263.6061,36.5971,09:32,13263.6061,stop,-1.03,-1.0,-515.17
282,2022-08-09 Tue,03:00,long,03:00,13179.649,13159.5071,20.1419,03:22,13159.5071,stop,-1.055,-1.0,-527.55
283,2022-08-12 Fri,04:30,long,04:30,13380.949,13357.5214,23.4276,05:07,13357.5214,stop,-1.047,-1.0,-523.69
284,2022-08-17 Wed,04:15,long,04:15,13585.649,13562.0695,23.5795,04:37,13562.0695,stop,-1.047,-1.0,-523.54
285,2022-08-24 Wed,09:15,short,09:16,12871.129,12900.4824,29.3534,10:00,12900.4824,stop,-1.038,-1.0,-518.91
286,2022-08-25 Thu,04:15,short,04:15,13041.859,13069.4174,27.5584,10:24,13069.4174,stop,-1.04,-1.0,-520.14
287,2022-09-02 Fri,03:15,short,03:15,12257.799,12288.7045,30.9055,04:17,12288.7045,stop,-1.036,-1.0,-517.96
288,2022-09-12 Mon,08:15,short,08:15,12651.359,12676.72,25.361,09:33,12676.72,stop,-1.044,-1.0,-521.88
289,2022-09-15 Thu,04:15,short,04:15,12136.889,12163.6229,26.7339,16:00,11930.899,session exit,7.664,-0.688,3831.84
290,2022-09-27 Tue,04:45,short,04:46,11395.569,11431.5258,35.9568,07:39,11431.5258,stop,-1.031,-1.0,-515.44
291,2022-09-29 Thu,09:15,long,09:15,11328.859,11274.8022,54.0568,09:36,11274.8022,stop,-1.021,-1.0,-510.27
292,2022-09-30 Fri,07:45,short,07:45,11185.459,11230.8395,45.3805,08:25,11230.8395,stop,-1.024,-1.0,-512.23
293,2022-10-05 Wed,05:45,short,05:45,11466.459,11500.9129,34.4539,06:59,11500.9129,stop,-1.032,-1.0,-516.11
294,2022-10-07 Fri,04:45,long,04:50,11440.409,11406.5025,33.9065,08:30,11406.5025,stop,-1.033,-1.0,-516.37
295,2022-10-21 Fri,02:15,long,02:44,10992.549,10962.2152,30.3338,03:08,10962.2152,stop,-1.037,-1.0,-518.3
296,2022-10-21 Fri,06:00,long,06:04,10958.049,10920.2667,37.7823,08:11,10920.2667,stop,-1.029,-1.0,-514.69
297,2022-10-26 Wed,09:30,short,09:30,11425.829,11464.1427,38.3137,09:48,11464.1427,stop,-1.029,-1.0,-514.49
298,2022-11-07 Mon,07:00,short,07:00,10906.449,10939.1357,32.6867,14:15,10939.1357,stop,-1.034,-1.0,-516.98
299,2022-11-09 Wed,06:45,short,07:06,11038.389,11078.0184,39.6294,16:00,10797.599,session exit,6.048,-0.56,3024.02
300,2022-11-14 Mon,05:00,short,05:02,11718.349,11747.7804,29.4314,07:22,11747.7804,stop,-1.038,-1.0,-518.86
301,2022-11-14 Mon,09:30,short,09:32,11717.049,11744.748,27.699,09:32,11744.748,stop,-1.04,-1.0,-520.04
302,2022-11-15 Tue,06:30,short,06:38,11829.789,11851.4768,21.6878,07:22,11851.4768,stop,-1.051,-1.0,-525.59
303,2022-11-18 Fri,07:45,short,07:46,11771.059,11803.1399,32.0809,08:27,11803.1399,stop,-1.035,-1.0,-517.3
304,2022-11-21 Mon,04:45,long,04:46,11603.359,11575.7685,27.5905,06:57,11575.7685,stop,-1.04,-1.0,-520.12
305,2022-11-23 Wed,06:00,short,06:12,11720.399,11739.5146,19.1156,06:35,11739.5146,stop,-1.058,-1.0,-529.03
306,2022-11-25 Fri,02:15,short,02:19,11873.659,11883.6319,9.9729,02:25,11883.6319,stop,-1.111,-1.0,-555.65
307,2022-12-06 Tue,03:45,long,03:51,11814.169,11789.2124,24.9566,05:24,11789.2124,stop,-1.044,-1.0,-522.24
308,2022-12-19 Mon,04:45,short,04:47,11266.049,11288.9326,22.8836,05:18,11288.9326,stop,-1.049,-1.0,-524.25
309,2022-12-19 Mon,08:15,short,08:18,11263.259,11285.8871,22.6281,16:00,11083.349,session exit,7.902,-0.156,3950.84
310,2022-12-21 Wed,05:45,short,05:45,11115.099,11138.8103,23.7113,08:12,11138.8103,stop,-1.047,-1.0,-523.41
311,2022-12-27 Tue,06:45,short,07:05,11030.539,11048.9873,18.4483,16:00,10826.439,session exit,11.003,-0.182,5501.6
312,2023-01-03 Tue,06:15,short,06:15,11037.159,11069.2374,32.0784,09:40,11069.2374,stop,-1.035,-1.0,-517.3
313,2023-01-11 Wed,09:15,short,09:32,11226.549,11251.8867,25.3377,09:35,11251.8867,stop,-1.044,-1.0,-521.9
314,2023-01-16 Mon,07:30,short,07:36,11488.659,11509.3366,20.6776,08:12,11509.3366,stop,-1.054,-1.0,-526.84
315,2023-01-18 Wed,04:00,long,04:00,11566.639,11541.4078,25.2312,10:50,11541.4078,stop,-1.044,-1.0,-522.0
316,2023-01-20 Fri,08:30,short,08:30,11366.869,11389.6813,22.8123,09:51,11389.6813,stop,-1.049,-1.0,-524.33
317,2023-01-25 Wed,03:00,long,03:00,11789.649,11771.6185,18.0305,03:15,11771.6185,stop,-1.062,-1.0,-530.78
318,2023-01-26 Thu,04:00,short,04:00,11874.349,11896.5587,22.2097,04:09,11896.5587,stop,-1.05,-1.0,-524.99
319,2023-01-31 Tue,08:30,long,08:30,11884.049,11856.6129,27.4361,16:00,12098.219,session exit,7.766,-0.232,3882.85
320,2023-02-08 Wed,04:45,short,04:47,12688.349,12719.4298,31.0808,07:02,12719.4298,stop,-1.036,-1.0,-517.86
321,2023-02-08 Wed,08:00,short,08:11,12677.819,12711.035,33.216,16:00,12496.669,session exit,5.42,-0.882,2710.14
322,2023-02-09 Thu,09:15,short,09:31,12652.259,12680.0163,27.7573,16:00,12385.399,session exit,9.574,-0.563,4787.02
323,2023-02-15 Wed,08:15,short,08:30,12518.969,12546.0713,27.1023,08:45,12546.0713,stop,-1.041,-1.0,-520.48
324,2023-03-06 Mon,03:45,long,03:45,12313.409,12290.4282,22.9808,04:46,12290.4282,stop,-1.048,-1.0,-524.15
325,2023-03-07 Tue,09:45,long,09:49,12342.287,12318.6242,23.6628,09:57,12318.6242,stop,-1.047,-1.0,-523.45
326,2023-03-08 Wed,09:45,short,09:45,12141.577,12172.7751,31.1981,10:10,12172.7751,stop,-1.036,-1.0,-517.79
327,2023-03-13 Mon,03:15,short,03:18,12026.299,12066.4821,40.1831,12:00,12066.4821,stop,-1.028,-1.0,-513.81
328,2023-03-15 Wed,05:00,short,05:01,12187.599,12216.1631,28.5641,14:27,12216.1631,stop,-1.039,-1.0,-519.43
329,2023-03-24 Fri,04:15,short,04:45,12712.289,12741.8324,29.5434,05:06,12741.8324,stop,-1.038,-1.0,-518.79
330,2023-04-13 Thu,06:45,long,06:47,12876.539,12856.3122,20.2268,07:56,12856.3122,stop,-1.055,-1.0,-527.44
331,2023-04-21 Fri,04:00,long,04:01,12973.049,12953.8347,19.2143,06:30,12953.8347,stop,-1.058,-1.0,-528.88
332,2023-04-21 Fri,07:45,long,08:09,12940.947,12915.3008,25.6462,09:56,12915.3008,stop,-1.043,-1.0,-521.64
333,2023-05-03 Wed,08:00,short,08:40,13136.279,13154.5675,18.2885,09:45,13154.5675,stop,-1.061,-1.0,-530.35
334,2023-05-05 Fri,02:30,long,02:49,13037.549,13023.7861,13.7629,03:07,13023.7861,stop,-1.081,-1.0,-540.33
335,2023-05-11 Thu,09:45,short,09:50,13316.579,13346.7146,30.1356,10:13,13346.7146,stop,-1.037,-1.0,-518.42
336,2023-05-16 Tue,05:30,short,06:00,13403.929,13419.3252,15.3962,08:30,13419.3252,stop,-1.072,-1.0,-536.05
337,2023-05-19 Fri,07:15,long,07:19,13850.939,13832.8779,18.0611,08:11,13832.8779,stop,-1.061,-1.0,-530.73
338,2023-05-26 Fri,05:15,short,05:15,13932.359,13953.76,21.401,06:31,13953.76,stop,-1.052,-1.0,-525.93
339,2023-06-01 Thu,07:15,long,07:15,14294.637,14273.138,21.499,07:36,14273.138,stop,-1.052,-1.0,-525.82
340,2023-06-06 Tue,03:15,long,03:22,14562.439,14544.788,17.651,04:55,14544.788,stop,-1.063,-1.0,-531.44
341,2023-06-06 Tue,06:45,long,06:57,14548.449,14529.8292,18.6198,09:29,14529.8292,stop,-1.06,-1.0,-529.81
342,2023-06-09 Fri,05:45,short,05:50,14477.879,14495.9315,18.0525,07:14,14495.9315,stop,-1.061,-1.0,-530.74
343,2023-06-15 Thu,05:30,short,05:52,14902.969,14931.5165,28.5475,08:53,14931.5165,stop,-1.039,-1.0,-519.44
344,2023-06-19 Mon,05:30,long,05:33,15088.639,15068.6018,20.0372,06:58,15068.6018,stop,-1.055,-1.0,-527.7
345,2023-06-20 Tue,03:30,long,03:30,15050.639,15034.192,16.447,04:13,15034.192,stop,-1.067,-1.0,-533.74
346,2023-06-26 Mon,08:30,long,08:30,14894.737,14869.5535,25.1835,09:29,14869.5535,stop,-1.044,-1.0,-522.04
347,2023-06-26 Mon,09:45,long,09:45,14924.039,14892.6518,31.3872,10:40,14892.6518,stop,-1.035,-1.0,-517.68
348,2023-07-06 Thu,04:00,long,04:00,15126.559,15105.1318,21.4272,08:15,15105.1318,stop,-1.052,-1.0,-525.9
349,2023-07-07 Fri,04:30,long,04:39,15060.339,15041.7993,18.5397,09:03,15041.7993,stop,-1.06,-1.0,-529.94
350,2023-07-11 Tue,04:30,short,04:30,15048.759,15067.6818,18.9228,05:39,15067.6818,stop,-1.059,-1.0,-529.33
351,2023-08-04 Fri,06:15,short,06:25,15424.659,15453.1775,28.5185,09:33,15453.1775,stop,-1.039,-1.0,-519.46
352,2023-08-07 Mon,08:45,long,08:47,15346.649,15319.1902,27.4588,09:44,15319.1902,stop,-1.04,-1.0,-520.21
353,2023-08-09 Wed,02:30,short,02:31,15301.879,15318.5714,16.6924,02:42,15318.5714,stop,-1.066,-1.0,-533.25
354,2023-08-09 Wed,06:30,long,06:30,15325.039,15304.9332,20.1058,06:48,15304.9332,stop,-1.055,-1.0,-527.6
355,2023-08-11 Fri,08:30,long,08:30,15109.539,15082.1798,27.3592,08:30,15082.1798,stop,-1.041,-1.0,-520.29
356,2023-08-16 Wed,03:30,long,03:34,15064.849,15042.7657,22.0833,05:42,15042.7657,stop,-1.05,-1.0,-525.13
357,2023-08-16 Wed,06:30,long,06:34,15059.069,15034.543,24.526,07:04,15034.543,stop,-1.045,-1.0,-522.63
358,2023-08-24 Thu,09:15,long,09:16,15300.809,15272.2278,28.5812,09:30,15272.2278,stop,-1.039,-1.0,-519.42
359,2023-08-28 Mon,09:45,short,09:51,14995.419,15030.4382,35.0192,10:03,15030.4382,stop,-1.032,-1.0,-515.85
360,2023-08-29 Tue,07:30,short,07:38,15033.269,15058.0729,24.8039,09:33,15058.0729,stop,-1.045,-1.0,-522.38
361,2023-08-31 Thu,02:15,short,02:55,15450.299,15466.4558,16.1568,03:32,15466.4558,stop,-1.069,-1.0,-534.35
362,2023-08-31 Thu,06:15,long,06:15,15443.659,15421.3378,22.3212,16:00,15503.139,session exit,2.615,-0.507,1307.5
363,2023-09-06 Wed,08:15,short,08:31,15455.959,15477.4766,21.5176,09:44,15477.4766,stop,-1.052,-1.0,-525.79
364,2023-09-08 Fri,04:15,short,04:15,15286.969,15309.8474,22.8784,09:32,15309.8474,stop,-1.049,-1.0,-524.26
365,2023-09-12 Tue,06:45,short,07:21,15424.75,15443.2122,18.4622,09:57,15443.2122,stop,-1.06,-1.0,-530.06
366,2023-09-19 Tue,02:45,long,02:53,15201.539,15187.5469,13.9921,09:01,15187.5469,stop,-1.079,-1.0,-539.67
367,2023-09-20 Wed,05:15,short,05:15,15210.479,15229.2852,18.8062,08:19,15229.2852,stop,-1.059,-1.0,-529.51
368,2023-09-20 Wed,09:30,short,09:30,15231.159,15250.4384,19.2794,16:00,14971.209,session exit,13.426,-0.886,6712.87
369,2023-09-22 Fri,06:45,long,06:48,14764.359,14742.7046,21.6544,09:35,14742.7046,stop,-1.051,-1.0,-525.63
370,2023-10-09 Mon,04:45,long,04:48,14875.459,14843.5069,31.9521,07:43,14843.5069,stop,-1.035,-1.0,-517.37
371,2023-10-09 Mon,09:45,long,09:45,14900.017,14858.5433,41.4737,10:04,14858.5433,stop,-1.027,-1.0,-513.38
372,2023-10-16 Mon,03:00,short,03:00,15039.399,15060.9043,21.5053,09:15,15060.9043,stop,-1.052,-1.0,-525.81
373,2023-10-25 Wed,06:30,long,06:37,14664.609,14636.6418,27.9672,09:28,14636.6418,stop,-1.04,-1.0,-519.84
374,2023-10-27 Fri,07:00,short,07:00,14224.349,14248.2317,23.8827,08:56,14248.2317,stop,-1.046,-1.0,-523.24
375,2023-11-03 Fri,04:30,short,05:01,14861.599,14875.1588,13.5598,06:02,14875.1588,stop,-1.082,-1.0,-540.93
376,2023-11-03 Fri,07:30,long,07:34,14875.339,14859.89,15.449,16:00,15096.149,session exit,14.221,-0.203,7110.49
377,2023-11-07 Tue,04:15,short,04:17,15134.109,15150.0044,15.8954,08:01,15150.0044,stop,-1.07,-1.0,-534.92
378,2023-11-09 Thu,02:15,short,02:15,15308.119,15321.563,13.444,03:42,15321.563,stop,-1.083,-1.0,-541.28
379,2023-11-14 Tue,05:45,short,05:45,15514.469,15529.6731,15.2041,08:19,15529.6731,stop,-1.073,-1.0,-536.5
380,2023-11-28 Tue,08:30,long,08:31,15939.509,15918.4927,21.0163,16:00,16007.559,session exit,3.185,-0.95,1592.58
381,2023-12-11 Mon,05:00,short,05:00,16054.129,16071.676,17.547,09:01,16071.676,stop,-1.063,-1.0,-531.63
382,2023-12-15 Fri,07:30,long,07:37,16597.539,16583.6696,13.8694,07:52,16583.6696,stop,-1.08,-1.0,-540.02
383,2024-01-08 Mon,05:00,long,05:00,16266.129,16239.5188,26.6102,16:00,16643.189,session exit,14.128,-0.582,7064.01
384,2024-01-10 Wed,07:45,short,07:45,16691.799,16714.9172,23.1182,09:31,16714.9172,stop,-1.048,-1.0,-524.01
385,2024-01-12 Fri,02:15,short,02:28,16798.409,16817.3268,18.9178,03:24,16817.3268,stop,-1.059,-1.0,-529.34
386,2024-01-12 Fri,07:15,long,07:25,16768.129,16738.4296,29.6994,16:00,16832.159,session exit,2.119,-0.423,1059.28
387,2024-01-15 Mon,07:45,short,07:46,16827.469,16848.7313,21.2623,12:59,16830.409,session exit,-0.19,-0.646,-95.24
388,2024-01-17 Wed,08:15,short,08:24,16737.081,16764.1205,27.0395,16:00,16739.389,session exit,-0.126,-0.675,-63.2
389,2024-01-18 Thu,08:45,short,08:45,16854.515,16884.7021,30.1871,09:10,16884.7021,stop,-1.037,-1.0,-518.39
390,2024-01-22 Mon,08:00,short,08:02,17434.126,17456.1932,22.0672,16:00,17329.687,session exit,4.682,-0.838,2341.24
391,2024-02-06 Tue,07:45,long,07:45,17614.549,17588.7183,25.8307,09:50,17588.7183,stop,-1.043,-1.0,-521.49
392,2024-02-23 Fri,06:15,long,06:20,17978.314,17958.9962,19.3178,11:00,17958.9962,stop,-1.057,-1.0,-528.73
393,2024-02-26 Mon,09:30,long,09:30,17970.842,17948.124,22.718,09:44,17948.124,stop,-1.049,-1.0,-524.43
394,2024-02-26 Mon,09:45,short,09:45,17943.303,17970.7246,27.4216,10:13,17970.7246,stop,-1.04,-1.0,-520.24
395,2024-03-06 Wed,06:15,long,06:15,18034.349,18012.2679,22.0811,06:45,18012.2679,stop,-1.05,-1.0,-525.13
396,2024-03-11 Mon,05:45,short,06:20,17997.326,18040.6897,43.3637,16:00,17951.342,session exit,1.035,-0.804,517.41
397,2024-03-13 Wed,10:30,long,10:33,18096.625,18060.3068,36.3182,10:56,18060.3068,stop,-1.031,-1.0,-515.28
398,2024-03-18 Mon,03:30,short,03:30,17902.936,17921.0679,18.1319,04:04,17921.0679,stop,-1.061,-1.0,-530.61
399,2024-03-18 Mon,04:30,short,04:30,17899.659,17921.4126,21.7536,04:49,17921.4126,stop,-1.051,-1.0,-525.51
400,2024-03-28 Thu,08:45,short,08:45,18258.058,18282.2855,24.2275,09:00,18282.2855,stop,-1.046,-1.0,-522.91
401,2024-04-22 Mon,09:30,short,09:31,17142.003,17174.3486,32.3456,09:48,17174.3486,stop,-1.034,-1.0,-517.16
402,2024-04-29 Mon,09:45,short,09:54,17703.937,17737.6779,33.7409,09:59,17737.6779,stop,-1.033,-1.0,-516.45
403,2024-05-06 Mon,07:15,short,07:16,17930.182,17947.6417,17.4597,08:18,17947.6417,stop,-1.064,-1.0,-531.79
404,2024-05-08 Wed,05:30,short,06:00,18080.692,18095.6759,14.9839,10:26,18095.6759,stop,-1.074,-1.0,-537.04
405,2024-05-09 Thu,07:45,long,07:45,18060.304,18038.5151,21.7889,09:41,18038.5151,stop,-1.051,-1.0,-525.47
406,2024-05-22 Wed,05:30,short,05:36,18694.16,18706.9216,12.7616,07:02,18706.9216,stop,-1.087,-1.0,-543.49
407,2024-06-12 Wed,07:45,short,07:50,19233.07,19247.9813,14.9113,08:29,19247.9813,stop,-1.074,-1.0,-537.22
408,2024-06-14 Fri,03:30,long,03:30,19622.114,19603.5282,18.5858,04:05,19603.5282,stop,-1.06,-1.0,-529.86
409,2024-07-01 Mon,09:15,short,09:15,19712.281,19744.1538,31.8728,12:08,19744.1538,stop,-1.035,-1.0,-517.41
410,2024-07-09 Tue,06:00,short,06:00,20513.882,20528.4556,14.5736,09:33,20528.4556,stop,-1.076,-1.0,-538.08
411,2024-07-16 Tue,02:00,short,02:02,20430.014,20448.6017,18.5877,08:43,20448.6017,stop,-1.06,-1.0,-529.86
412,2024-07-18 Thu,09:30,short,09:30,19939.259,19979.6615,40.4025,16:00,19703.686,session exit,5.803,-0.413,2901.59
413,2024-07-22 Mon,03:45,long,03:45,19657.639,19611.7231,45.9159,16:00,19820.397,session exit,3.521,-0.68,1760.26
414,2024-07-26 Fri,03:15,long,03:15,18971.848,18931.6567,40.1913,09:42,18931.6567,stop,-1.028,-1.0,-513.81
415,2024-07-29 Mon,07:00,short,07:00,19128.148,19161.537,33.389,07:37,19161.537,stop,-1.033,-1.0,-516.62
416,2024-07-29 Mon,09:45,long,09:45,19193.776,19146.8389,46.9371,09:52,19146.8389,stop,-1.024,-1.0,-511.82
417,2024-08-09 Fri,06:15,short,06:19,18457.37,18512.7827,55.4127,13:15,18512.7827,stop,-1.02,-1.0,-510.02
418,2024-08-12 Mon,02:15,short,02:37,18519.792,18553.4564,33.6644,03:40,18553.4564,stop,-1.033,-1.0,-516.49
419,2024-08-15 Thu,05:45,short,05:45,19058.77,19089.0328,30.2628,08:30,19089.0328,stop,-1.037,-1.0,-518.34
420,2024-08-20 Tue,09:45,long,09:46,19785.803,19754.8107,30.9923,10:12,19754.8107,stop,-1.036,-1.0,-517.91
421,2024-08-21 Wed,03:30,long,03:32,19738.669,19718.0204,20.6486,04:00,19718.0204,stop,-1.054,-1.0,-526.88
422,2024-08-21 Wed,06:45,long,06:45,19737.392,19712.7762,24.6158,12:02,19712.7762,stop,-1.045,-1.0,-522.55
423,2024-08-28 Wed,05:15,short,05:33,19604.76,19628.5733,23.8133,16:00,19352.554,session exit,10.544,-0.133,5272.17
424,2024-09-23 Mon,07:00,short,07:00,19838.414,19874.4094,35.9954,10:23,19874.4094,stop,-1.031,-1.0,-515.42
425,2024-09-24 Tue,07:00,short,07:00,19888.837,19919.0338,30.1968,09:30,19919.0338,stop,-1.037,-1.0,-518.38
426,2024-09-25 Wed,07:00,long,07:00,19904.849,19877.5313,27.3177,16:00,19969.286,session exit,2.318,-0.378,1159.08
427,2024-09-30 Mon,05:30,long,05:31,19990.269,19951.7539,38.5151,07:06,19951.7539,stop,-1.029,-1.0,-514.41
428,2024-09-30 Mon,09:00,long,09:03,19958.604,19920.4976,38.1064,10:25,19920.4976,stop,-1.029,-1.0,-514.56
429,2024-10-02 Wed,07:30,long,07:30,19760.349,19712.5881,47.7609,09:31,19712.5881,stop,-1.023,-1.0,-511.62
430,2024-10-03 Thu,04:45,long,04:45,19719.736,19679.4283,40.3077,13:01,19679.4283,stop,-1.028,-1.0,-513.77
431,2024-10-15 Tue,03:30,short,03:30,20412.071,20431.0962,19.0252,03:34,20431.0962,stop,-1.058,-1.0,-529.17
432,2024-10-21 Mon,08:15,long,08:15,20215.559,20185.7539,29.8051,11:27,20185.7539,stop,-1.037,-1.0,-518.62
433,2024-10-23 Wed,05:15,long,05:16,20343.839,20321.9075,21.9315,06:01,20321.9075,stop,-1.051,-1.0,-525.31
434,2024-10-23 Wed,08:45,short,09:09,20285.659,20314.1062,28.4472,16:00,20069.197,session exit,7.57,-0.678,3785.12
435,2024-11-05 Tue,08:30,long,08:30,20038.258,20010.3856,27.8724,08:59,20010.3856,stop,-1.04,-1.0,-519.91
436,2024-11-14 Thu,05:45,short,05:45,21050.47,21076.3105,25.8405,16:00,20903.489,session exit,5.645,-0.81,2822.53
437,2024-11-27 Wed,05:45,short,05:45,20842.647,20867.8057,25.1587,07:22,20867.8057,stop,-1.044,-1.0,-522.06
438,2024-12-09 Mon,04:15,short,04:18,21616.303,21638.3945,22.0915,16:00,21444.698,session exit,7.718,-0.246,3858.84
439,2024-12-23 Mon,02:15,short,02:19,21436.881,21472.9838,36.1028,13:35,21472.9838,stop,-1.031,-1.0,-515.37
440,2024-12-31 Tue,06:45,long,06:51,21290.136,21250.8648,39.2712,07:56,21250.8648,stop,-1.028,-1.0,-514.13
441,2025-01-02 Thu,07:47,short,07:47,21236.308,21284.0727,47.7647,16:00,20972.698,session exit,5.496,-0.502,2747.84
442,2025-01-28 Tue,05:45,short,05:57,21266.204,21315.432,49.228,10:25,21315.432,stop,-1.023,-1.0,-511.27
443,2025-01-29 Wed,04:30,short,04:37,21515.07,21553.3102,38.2402,04:53,21553.3102,stop,-1.029,-1.0,-514.51
444,2025-01-29 Wed,07:15,short,07:20,21536.604,21570.6078,34.0038,16:00,21409.809,session exit,3.696,-0.467,1848.1
445,2025-01-30 Thu,09:45,short,10:02,21478.181,21532.0107,53.8297,10:02,21532.0107,stop,-1.021,-1.0,-510.31
446,2025-02-10 Mon,03:15,long,03:22,21614.514,21587.0815,27.4325,16:00,21747.907,session exit,4.822,-0.846,2411.06
447,2025-02-19 Wed,09:00,long,09:05,22134.036,22104.308,29.728,09:32,22104.308,stop,-1.037,-1.0,-518.67
448,2025-02-21 Fri,05:45,short,05:47,22090.448,22111.1549,20.7069,07:05,22111.1549,stop,-1.054,-1.0,-526.8
449,2025-02-24 Mon,09:15,short,09:19,21700.914,21735.5398,34.6258,16:00,21355.421,session exit,9.946,-0.984,4972.93
450,2025-03-04 Tue,09:15,long,09:36,20356.482,20275.5704,80.9116,09:36,20275.5704,stop,-1.014,-1.0,-506.86
451,2025-03-12 Wed,03:30,long,03:33,19400.439,19355.0941,45.3449,16:00,19585.299,session exit,4.052,-0.61,2026.14
452,2025-03-14 Fri,02:45,long,02:45,19400.781,19363.6261,37.1549,03:07,19363.6261,stop,-1.03,-1.0,-514.94
453,2025-03-19 Wed,05:30,long,05:31,19532.539,19489.6324,42.9066,16:00,19737.089,session exit,4.741,-0.872,2370.73
454,2025-03-21 Fri,05:45,long,06:04,19614.847,19568.9244,45.9226,08:36,19568.9244,stop,-1.024,-1.0,-512.09
455,2025-03-26 Wed,04:00,short,04:00,20276.493,20295.9129,19.4199,16:00,19916.308,session exit,18.49,-0.824,9245.01
456,2025-05-05 Mon,03:45,short,03:50,19947.625,19985.6941,38.0691,10:00,19985.6941,stop,-1.029,-1.0,-514.58
457,2025-05-09 Fri,09:30,short,09:44,20144.325,20191.5149,47.1899,10:07,20191.5149,stop,-1.024,-1.0,-511.76
458,2025-05-14 Wed,03:30,short,03:30,21204.97,21236.9659,31.9959,07:01,21236.9659,stop,-1.035,-1.0,-517.35
459,2025-05-16 Fri,02:30,short,02:37,21298.825,21327.1821,28.3571,03:26,21327.1821,stop,-1.039,-1.0,-519.57
460,2025-05-21 Wed,03:15,long,03:44,21255.848,21217.844,38.004,04:40,21217.844,stop,-1.029,-1.0,-514.6
461,2025-06-23 Mon,06:30,short,06:30,21648.081,21691.1292,43.0482,09:48,21691.1292,stop,-1.026,-1.0,-512.89
462,2025-07-09 Wed,06:00,short,06:00,22727.57,22752.8871,25.3171,07:30,22752.8871,stop,-1.044,-1.0,-521.92
463,2025-07-14 Mon,02:30,long,02:30,22657.803,22633.0865,24.7165,03:19,22633.0865,stop,-1.045,-1.0,-522.45
464,2025-07-16 Wed,09:45,short,09:45,22835.481,22871.0553,35.5743,11:14,22871.0553,stop,-1.031,-1.0,-515.6
465,2025-07-23 Wed,02:15,short,02:20,23092.026,23113.5642,21.5382,02:44,23113.5642,stop,-1.052,-1.0,-525.77
466,2025-07-30 Wed,06:00,long,06:00,23353.049,23332.6433,20.4057,08:10,23332.6433,stop,-1.054,-1.0,-527.2
467,2025-07-30 Wed,08:45,long,08:49,23363.448,23339.4639,23.9841,09:03,23339.4639,stop,-1.046,-1.0,-523.14
468,2025-08-05 Tue,08:30,short,09:11,23227.46,23258.7787,31.3187,09:45,23258.7787,stop,-1.035,-1.0,-517.72
469,2025-08-14 Thu,08:30,short,08:30,23847.458,23866.6283,19.1703,10:30,23866.6283,stop,-1.058,-1.0,-528.95
470,2025-08-19 Tue,02:15,long,02:21,23665.36,23641.8682,23.4918,09:31,23641.8682,stop,-1.047,-1.0,-523.63
471,2025-08-21 Thu,06:00,short,06:00,23223.181,23256.0622,32.8812,10:29,23256.0622,stop,-1.034,-1.0,-516.88
472,2025-08-28 Thu,05:45,short,05:46,23552.137,23578.5558,26.4188,08:39,23578.5558,stop,-1.042,-1.0,-521.01
473,2025-09-03 Wed,08:00,short,08:33,23367.283,23402.5621,35.2791,09:07,23402.5621,stop,-1.031,-1.0,-515.73
474,2025-09-04 Thu,07:30,short,07:48,23452.305,23479.5837,27.2787,09:33,23479.5837,stop,-1.041,-1.0,-520.35
475,2025-09-05 Fri,07:00,short,07:00,23738.72,23756.7237,18.0037,07:14,23756.7237,stop,-1.062,-1.0,-530.83
476,2025-09-11 Thu,02:15,long,02:16,23870.149,23848.4899,21.6591,16:00,23983.127,session exit,5.165,-0.667,2582.47
477,2025-09-12 Fri,02:15,short,02:25,24005.044,24019.6757,14.6317,07:57,24019.6757,stop,-1.076,-1.0,-537.93
478,2025-09-22 Mon,05:00,short,05:04,24529.783,24558.9392,29.1562,09:19,24558.958,stop,-1.039,-1.001,-519.36
479,2025-09-23 Tue,04:45,short,04:45,24770.892,24791.1543,20.2623,16:00,24587.016,session exit,9.02,-0.188,4510.0
480,2025-09-24 Wed,03:15,short,03:27,24605.066,24625.9229,20.8569,03:43,24625.9229,stop,-1.053,-1.0,-526.61
481,2025-09-24 Wed,08:30,short,08:39,24634.642,24657.4354,22.7934,16:00,24499.197,session exit,5.894,-0.995,2946.79
482,2025-09-29 Mon,09:45,long,09:45,24690.849,24657.1584,33.6906,11:15,24657.1584,stop,-1.033,-1.0,-516.47
483,2025-09-30 Tue,06:45,long,06:45,24571.392,24541.5744,29.8176,09:34,24541.5744,stop,-1.037,-1.0,-518.61
484,2025-10-06 Mon,04:45,long,04:55,24902.649,24877.2508,25.3982,16:00,24974.066,session exit,2.768,-0.156,1384.09
485,2025-10-07 Tue,04:45,long,04:45,24946.149,24921.8724,24.2766,11:05,24921.8724,stop,-1.046,-1.0,-522.86
486,2025-10-08 Wed,03:30,long,03:30,24872.447,24847.3326,25.1144,08:15,24847.3326,stop,-1.044,-1.0,-522.1
487,2025-10-13 Mon,07:45,long,07:45,24625.697,24563.634,62.063,09:35,24563.634,stop,-1.018,-1.0,-508.94
488,2025-10-15 Wed,10:00,long,10:00,24849.436,24791.9511,57.4849,11:37,24791.9511,stop,-1.019,-1.0,-509.65
489,2025-10-20 Mon,09:30,short,09:30,24953.62,24990.231,36.611,09:30,24990.231,stop,-1.03,-1.0,-515.16
490,2025-10-24 Fri,08:30,short,08:30,25213.87,25237.8364,23.9664,08:30,25237.8364,stop,-1.046,-1.0,-523.16
491,2025-10-28 Tue,08:45,short,08:49,25861.881,25884.1903,22.3093,09:01,25884.1903,stop,-1.05,-1.0,-524.88
492,2025-10-31 Fri,06:45,long,06:48,26056.392,26022.3146,34.0774,09:32,26022.3146,stop,-1.033,-1.0,-516.29
493,2025-11-03 Mon,08:00,short,08:00,26016.588,26052.6589,36.0709,08:56,26052.6589,stop,-1.031,-1.0,-515.39
494,2025-11-24 Mon,07:30,long,07:30,24418.779,24348.6807,70.0983,16:00,24864.453,session exit,6.342,-0.343,3171.01
495,2025-12-04 Thu,03:45,long,03:52,25602.219,25573.1231,29.0959,04:16,25573.1231,stop,-1.038,-1.0,-519.07
496,2025-12-04 Thu,08:00,short,08:00,25612.881,25641.4733,28.5923,09:07,25641.4733,stop,-1.039,-1.0,-519.41
497,2025-12-10 Wed,05:15,short,05:22,25666.794,25691.8695,25.0755,14:00,25691.8695,stop,-1.044,-1.0,-522.13
498,2025-12-15 Mon,09:45,short,09:45,25271.424,25312.2872,40.8632,16:00,25063.248,session exit,5.067,-0.525,2533.65
499,2025-12-17 Wed,06:15,short,06:19,25220.208,25261.2093,41.0013,16:00,24652.989,session exit,13.807,-0.923,6903.54
500,2025-12-30 Tue,06:00,short,06:07,25506.12,25528.0926,21.9726,07:12,25528.0926,stop,-1.051,-1.0,-525.26
501,2026-01-02 Fri,08:30,short,08:50,25490.761,25518.0872,27.3262,09:30,25518.0872,stop,-1.041,-1.0,-520.31
502,2026-01-07 Wed,04:00,short,04:00,25570.642,25592.0997,21.4577,07:05,25592.0997,stop,-1.052,-1.0,-525.86
503,2026-01-09 Fri,04:30,long,04:30,25524.316,25492.7045,31.6115,09:30,25492.7045,stop,-1.035,-1.0,-517.56
504,2026-01-12 Mon,05:00,long,05:20,25538.316,25497.119,41.197,16:00,25782.659,session exit,5.904,-0.402,2952.07
505,2026-01-16 Fri,04:45,short,04:46,25669.066,25697.0573,27.9913,05:37,25697.0573,stop,-1.04,-1.0,-519.83
506,2026-01-30 Fri,08:30,short,08:30,25709.305,25782.5129,73.2079,09:30,25782.5129,stop,-1.015,-1.0,-507.58
507,2026-02-10 Tue,07:45,short,07:45,25272.403,25313.4117,41.0087,09:31,25313.4117,stop,-1.027,-1.0,-513.53
508,2026-02-12 Thu,03:15,short,03:31,25258.942,25295.9875,37.0455,07:32,25295.9875,stop,-1.03,-1.0,-514.98
509,2026-02-16 Mon,07:45,short,07:45,24784.414,24820.0714,35.6574,12:58,24666.25,session exit,3.283,-0.603,1641.37
510,2026-02-20 Fri,02:30,short,02:30,24880.719,24910.8385,30.1195,04:16,24910.8385,stop,-1.037,-1.0,-518.43
511,2026-02-23 Mon,09:45,short,09:45,24823.469,24884.4143,60.9453,09:50,24884.4143,stop,-1.018,-1.0,-509.11
512,2026-02-27 Fri,03:15,short,03:15,25003.188,25041.7194,38.5314,04:12,25041.7194,stop,-1.029,-1.0,-514.4
513,2026-03-24 Tue,10:45,long,10:47,24048.289,23941.7452,106.5438,16:00,24009.565,session exit,-0.374,-0.911,-186.94
514,2026-03-30 Mon,09:45,short,09:46,23193.37,23260.4923,67.1223,16:00,22951.469,session exit,3.587,-0.835,1793.67
515,2026-04-06 Mon,09:45,long,09:45,24199.958,24137.9162,62.0418,10:04,24137.9162,stop,-1.018,-1.0,-508.95
516,2026-04-07 Tue,02:00,long,02:03,24062.827,24017.1023,45.7247,06:56,24017.1023,stop,-1.024,-1.0,-512.14
517,2026-04-10 Fri,07:45,short,07:45,25114.109,25147.8164,33.7074,08:30,25147.8164,stop,-1.033,-1.0,-516.47
518,2026-04-17 Fri,02:30,short,02:30,26304.131,26330.6297,26.4987,03:07,26330.6297,stop,-1.042,-1.0,-520.94
519,2026-04-20 Mon,03:30,short,03:30,26526.947,26566.8551,39.9081,06:09,26566.8551,stop,-1.028,-1.0,-513.91
520,2026-04-20 Mon,07:30,short,07:30,26529.87,26567.178,37.308,08:19,26567.178,stop,-1.03,-1.0,-514.88
521,2026-04-22 Wed,05:00,long,05:00,26670.988,26632.9632,38.0248,16:00,26928.318,session exit,6.738,-0.416,3369.11
522,2026-04-28 Tue,05:15,short,05:22,27191.153,27229.9544,38.8014,16:00,27033.163,session exit,4.043,-0.135,2021.58
523,2026-04-29 Wed,03:00,short,03:11,27127.336,27159.4022,32.0662,10:35,27159.4022,stop,-1.035,-1.0,-517.31
524,2026-05-20 Wed,07:45,short,07:49,28984.548,29043.6778,59.1298,08:25,29043.6778,stop,-1.019,-1.0,-509.39
525,2026-05-25 Mon,10:15,short,10:15,29875.577,29907.2717,31.6947,11:11,29907.2717,stop,-1.035,-1.0,-517.51
526,2026-05-29 Fri,08:15,short,08:15,30240.73,30287.3258,46.5958,09:03,30287.3258,stop,-1.024,-1.0,-511.91
527,2026-06-05 Fri,08:45,long,08:45,30071.131,30007.8149,63.3161,08:55,30007.8149,stop,-1.018,-1.0,-508.77
528,2026-06-09 Tue,10:00,short,10:00,29626.772,29714.8613,88.0893,16:00,29072.882,session exit,6.275,-0.521,3137.61
529,2026-06-11 Thu,04:15,long,04:26,28894.414,28800.8988,93.5152,07:06,28800.8988,stop,-1.012,-1.0,-505.93
530,2026-06-15 Mon,07:45,short,07:45,30241.104,30291.802,50.698,09:25,30291.802,stop,-1.022,-1.0,-510.95
531,2026-06-18 Thu,05:00,short,05:00,30071.125,30148.3372,77.2122,05:46,30148.3372,stop,-1.014,-1.0,-507.19
532,2026-06-18 Thu,07:15,short,07:18,30061.46,30130.5382,69.0782,08:22,30130.5382,stop,-1.016,-1.0,-508.03
533,2026-06-19 Fri,09:00,long,09:30,30357.669,30294.5044,63.1646,12:58,30336.892,session exit,-0.347,-0.547,-173.25
534,2026-06-22 Mon,03:45,short,04:02,30434.871,30496.28,61.409,07:05,30496.28,stop,-1.018,-1.0,-509.04
535,2026-06-25 Thu,09:15,short,09:16,29844.415,29915.6771,71.2621,16:00,29442.464,session exit,5.625,-0.694,2812.44
536,2026-07-10 Fri,08:45,short,08:46,29608.858,29668.4819,59.6239,09:31,29668.4819,stop,-1.019,-1.0,-509.31
537,2026-07-13 Mon,05:30,long,05:30,29554.011,29481.0011,73.0099,08:12,29481.0011,stop,-1.015,-1.0,-507.6
538,2026-07-14 Tue,03:15,long,03:15,29397.675,29311.0067,86.6683,16:00,29584.264,session exit,2.14,-0.633,1070.05
539,2026-07-20 Mon,06:15,short,06:15,28750.215,28822.0731,71.8581,07:05,28822.0731,stop,-1.015,-1.0,-507.72
540,2026-07-24 Fri,03:00,long,03:00,28391.936,28312.4888,79.4472,09:42,28312.4888,stop,-1.014,-1.0,-506.99
541,2026-07-27 Mon,09:15,short,09:18,28494.415,28546.9895,52.5745,16:00,28039.808,session exit,8.626,-0.325,4312.9
542,2026-07-28 Tue,06:30,long,06:30,27817.959,27741.5625,76.3965,07:04,27741.5625,stop,-1.015,-1.0,-507.26
543,2026-08-13 Thu,04:00,short,04:00,29754.726,29794.7207,39.9947,09:03,29794.7207,stop,-1.028,-1.0,-513.88
544,2026-08-14 Fri,07:30,short,07:31,30144.214,30172.9694,28.7554,08:03,30172.9694,stop,-1.039,-1.0,-519.3
545,2026-08-14 Fri,09:15,short,09:15,30154.582,30191.2058,36.6238,16:00,30047.875,session exit,2.883,-0.77,1441.64
546,2026-08-20 Thu,03:15,short,03:23,29540.07,29594.4425,54.3725,16:00,29208.92,session exit,6.07,-0.094,3034.99
547,2026-08-21 Fri,03:00,long,03:01,29307.77,29264.5414,43.2286,09:35,29264.5414,stop,-1.026,-1.0,-512.84
548,2026-08-25 Tue,03:15,short,03:15,29175.07,29226.7152,51.6452,04:24,29226.7152,stop,-1.021,-1.0,-510.75
549,2026-08-27 Thu,02:30,long,02:30,29387.348,29334.3802,52.9678,16:00,29633.442,session exit,4.625,-0.498,2312.57
550,2026-08-28 Fri,02:45,long,02:45,29565.239,29525.2273,40.0117,04:06,29525.2273,stop,-1.028,-1.0,-513.87
551,2026-08-28 Fri,06:30,long,06:30,29559.449,29521.6641,37.7849,09:31,29521.6641,stop,-1.029,-1.0,-514.69
552,2026-09-01 Tue,03:00,short,03:00,29464.715,29510.9354,46.2204,16:00,29077.631,session exit,8.351,-0.903,4175.36
553,2026-09-11 Fri,02:30,short,02:33,29202.136,29258.6899,56.5539,04:24,29258.6899,stop,-1.02,-1.0,-509.81
